first_name,log_labor_income,female,female_pred,R
carl,8.716044050161402,NA,0,0
anna,8.151909872940905,NA,1,0
emil,8.276394704863307,NA,0,0
alfhild,7.313220387090301,NA,0,0
greta,7.3777589082278725,0,1,1
alena,7.313220387090301,0,0,1
märtha,7.313220387090301,NA,0,0
ebba,7.313220387090301,NA,1,0
hedvig,7.3901814282264295,NA,1,0
anna,7.90100705199242,NA,1,0
hulda,7.090076835776092,NA,1,0
johan,10.722385938401633,NA,0,0
maria,7.138866999945524,NA,1,0
bror,10.810131907358478,NA,0,0
karl,10.814363651708785,NA,0,0
ivar,10.156189906091882,NA,0,0
anton,10.080796567506539,NA,0,0
per,8.724207360800564,NA,0,0
johan,8.97335141383992,NA,0,0
signe,8.639410824140487,NA,0,0
carl,10.4069259578681,NA,0,0
julia,7.937374696163295,NA,1,0
maria,7.3901814282264295,NA,1,0
gustaf,8.635864721133736,NA,0,0
gösta,8.571681376700306,NA,0,0
adolf,8.463792414689122,NA,0,0
nils,7.8160138391590275,0,0,1
carl,8.316300249036848,0,0,1
per,8.216088098632316,NA,0,0
hilda,8.521185212685776,NA,1,0
anna,8.006367567650246,NA,1,0
arwid,9.3101857069459,NA,0,0
agnes,9.611127890533236,NA,1,0
antonia,7.313220387090301,NA,0,0
arvid,10.744407977385507,NA,0,0
agnes,7.313220387090301,NA,1,0
arne,7.7142311448490855,NA,0,0
erik,9.094929520464856,0,0,1
johan,7.77485576666552,NA,0,0
frans,8.517193191416238,NA,0,0
anna,7.600902459542082,NA,1,0
valborg,7.313220387090301,NA,0,0
josefina,7.501082124259871,NA,1,0
kristina,7.313220387090301,NA,1,0
anna,7.358830898342354,NA,1,0
alfred,9.58465875108751,NA,0,0
olga,8.517193191416238,NA,0,0
vilhelm,7.52294091807237,NA,0,0
stellan,10.412711894935144,NA,0,0
erik,9.615805480084347,NA,0,0
berta,7.313220387090301,NA,1,0
per,9.20432229965062,NA,0,0
laura,7.6255950721324535,NA,1,0
hildur,7.313220387090301,1,1,1
hildur,7.22983877815125,NA,1,0
kristina,7.293017679772782,NA,1,0
anders,8.400659375160286,NA,0,0
sofia,7.937374696163295,NA,1,0
karl,8.768729817231666,NA,0,0
vera,7.855544677915663,NA,0,0
sonja,8.070906088787819,NA,0,0
erlina,7.590852123688581,NA,0,0
edit,7.313220387090301,1,1,1
anna,7.038783541388542,NA,1,0
maria,5.480638923341991,1,1,1
margareta,7.727535110475448,NA,1,0
anna,7.843848638152472,NA,1,0
anna,7.600902459542082,NA,1,0
olof,8.263590432617319,NA,0,0
lennart,9.210340371976184,NA,0,0
elna,7.996317231796746,NA,0,0
karl,8.45531778769815,NA,0,0
agnes,7.824046010856292,NA,1,0
lilly,7.313220387090301,NA,0,0
ellen,7.600902459542082,NA,1,0
ida,7.600902459542082,NA,1,0
ruth,7.600902459542082,NA,0,0
anna,7.495541943884256,NA,1,0
anna,7.4205789054108005,NA,1,0
carl,8.699514748210191,NA,0,0
lydia,6.345636360828596,NA,0,0
gustaf,8.250620082174692,NA,0,0
kristina,6.633318433280377,NA,1,0
agnes,6.966024187106113,1,1,1
nils,8.53503310954457,NA,0,0
karolina,6.946975992135418,NA,1,0
arvid,8.540909718033554,NA,0,0
johan,8.006367567650246,NA,0,0
carl,8.669055540725484,NA,0,0
kaleb,9.114930187171524,NA,0,0
ernst,8.273846932784508,NA,0,0
karl,8.268731832117737,NA,0,0
elin,7.600902459542082,NA,1,0
johannes,8.791790024319363,0,0,1
hilda,7.138866999945524,NA,1,0
ebba,7.696212639346407,NA,1,0
selma,8.242756345714477,NA,1,0
erik,8.229511118964457,NA,0,0
nils,9.259130536145614,NA,0,0
anita,6.396929655216146,NA,0,0
claes,8.433811582477187,NA,0,0
erik,7.620705086838262,0,0,1
johan,8.573573524852344,NA,0,0
august,8.160518247477505,0,0,1
emil,7.539027055823995,NA,0,0
johan,7.600902459542082,NA,0,0
mathilda,7.495541943884256,1,0,1
cornelia,7.3901814282264295,NA,0,0
beda,7.745002803515839,NA,0,0
anna,7.495541943884256,1,1,1
otto,8.411832675758411,NA,0,0
karl,8.391629968440892,NA,0,0
augusta,5.703782474656201,1,1,1
elsa,7.162397497355718,1,1,1
carl,8.863615758890619,NA,0,0
alma,7.313220387090301,NA,1,0
alma,6.866933284461882,NA,1,0
elsa,7.867105500316739,NA,1,0
anna,8.389359819906353,NA,1,0
henrik,7.560080465021827,NA,0,0
anna,8.268731832117737,NA,1,0
ernst,7.517520850603031,NA,0,0
karl,8.453187861440325,NA,0,0
bror,8.699514748210191,NA,0,0
johan,8.294049640102028,NA,0,0
thyra,8.006367567650246,NA,0,0
gunborg,7.933796874815411,NA,0,0
alma,7.528331766707247,NA,1,0
selma,7.251344983372214,NA,1,0
elsa,7.495541943884256,NA,1,0
alica,8.09559870137819,NA,0,0
ingrid,9.968338524855744,NA,1,0
beda,7.595889917718538,NA,0,0
alma,7.595889917718538,NA,1,0
alma,7.432483807917119,NA,1,0
elin,7.432483807917119,1,1,1
gustaf,8.692825760059396,NA,0,0
mauritz,8.453187861440325,NA,0,0
albertina,6.396929655216146,NA,1,0
hilda,7.495541943884256,NA,1,0
emma,7.313220387090301,NA,1,0
hilma,7.843848638152472,NA,1,0
hulda,8.006367567650246,NA,1,0
sigrid,8.517193191416238,NA,1,0
irma,7.495541943884256,NA,0,0
margit,8.1886891244442,NA,0,0
anna,8.070906088787819,NA,1,0
johanna,8.770283819098399,NA,1,0
anna,7.272398392570047,NA,1,0
anna,7.272398392570047,NA,1,0
gustaf,8.40737832540903,NA,0,0
per,8.371010681238156,NA,0,0
gustaf,8.32117830749028,NA,0,0
johan,7.306531398939505,NA,0,0
alfred,7.383989457978509,NA,0,0
maria,7.313220387090301,NA,1,0
ebba,8.006367567650246,NA,1,0
hanna,7.67786350067821,NA,1,0
karl,8.757783656334167,NA,0,0
sofia,5.634789603169249,NA,1,0
tage,5.598421958998375,NA,0,0
sven,6.779921907472252,NA,0,0
sara,8.669055540725484,1,1,1
gustaf,8.972083182851925,NA,0,0
carl,8.995908761263994,NA,0,0
hilding,8.494947582468917,NA,0,0
ester,8.41847721847708,NA,1,0
gustaf,8.163371316459912,0,0,1
knut,8.318742252692399,NA,0,0
ernst,8.517193191416238,NA,0,0
fritz,9.807527161390217,NA,0,0
ida,7.346010209913293,NA,1,0
alfred,8.484669999710677,NA,0,0
greta,8.25582842728183,NA,1,0
carl,9.294681520409934,NA,0,0
ester,7.313220387090301,NA,1,0
vincent,8.60337088765729,NA,0,0
maria,6.363028103540465,NA,1,0
fredrik,7.170119543449628,0,0,1
christian,8.899730794880696,NA,0,0
hans,7.696212639346407,0,0,1
anna,7.843848638152472,1,1,1
gustaf,7.783224016336037,NA,0,0
amanda,7.170119543449628,NA,1,0
ida,7.501082124259871,NA,1,0
adolf,8.85366542803745,NA,0,0
ernst,8.898365606955357,NA,0,0
emilia,5.560681631015528,NA,1,0
hilda,7.783224016336037,NA,1,0
carl,8.85366542803745,NA,0,0
hilma,7.958576903813898,NA,1,0
axel,7.843848638152472,NA,0,0
emma,7.495541943884256,1,1,1
ellen,7.313220387090301,NA,1,0
märtha,7.495541943884256,NA,0,0
eric,9.214332393245721,0,0,1
laura,7.600902459542082,NA,1,0
k,10.059208427532903,NA,0,0
c,10.059208427532903,NA,0,0
anders,9.70868847423106,NA,0,0
ernst,10.060063859578225,NA,0,0
signe,8.98343977178426,NA,0,0
lars,8.98343977178426,NA,0,0
,9.67721410821299,NA,0,0
,9.67721410821299,NA,0,0
,9.67721410821299,NA,0,0
johanna,7.365180126021013,NA,1,0
maria,7.958576903813898,NA,1,0
edith,8.045588280803528,NA,0,0
ester,7.590852123688581,NA,1,0
anna,7.979338895262328,NA,1,0
carolina,7.495541943884256,1,0,1
johan,7.649692623711514,NA,0,0
alice,7.824046010856292,NA,0,0
julia,7.438383530044307,NA,1,0
agneta,7.495541943884256,NA,0,0
anna,7.313220387090301,NA,1,0
edith,7.313220387090301,1,0,1
vilhelm,8.61974977974133,NA,0,0
wilhelm,7.222566018822171,0,0,1
hilding,8.641179171197228,NA,0,0
elin,7.286191714702382,NA,1,0
johan,8.318742252692399,0,0,1
selma,7.3777589082278725,NA,1,0
lovisa,7.3777589082278725,NA,1,0
johan,7.7406644019172415,NA,0,0
carl,9.364776725280601,NA,0,0
karl,6.877296071497429,NA,0,0
karl,6.721425700790643,NA,0,0
naema,7.867105500316739,NA,0,0
margit,8.42726848388825,NA,0,0
nils,9.86889610776651,NA,0,0
detmar,7.7406644019172415,NA,0,0
harry,8.474285690404962,NA,0,0
holger,7.90100705199242,0,0,1
agnes,8.160518247477505,NA,1,0
ernst,8.294049640102028,NA,0,0
sara,7.352441100243583,NA,1,0
erik,8.104703468371108,NA,0,0
helga,9.368198456591763,NA,0,0
bernhard,7.7406644019172415,NA,0,0
albin,9.495519314209846,NA,0,0
david,9.148464968258095,NA,0,0
gösta,9.18091156128537,NA,0,0
ernst,8.46168048148598,NA,0,0
adolf,8.941152882160566,NA,0,0
nils,8.85366542803745,0,0,1
carl,8.733916174927524,NA,0,0
carl,7.783224016336037,NA,0,0
karl,8.517193191416238,NA,0,0
erik,8.517193191416238,NA,0,0
helga,8.006367567650246,NA,0,0
estrid,7.600902459542082,NA,0,0
vilma,7.313220387090301,NA,0,0
carl,9.199279424616758,NA,0,0
amanda,7.649692623711514,NA,1,0
ester,7.313220387090301,NA,1,0
gulli,7.313220387090301,NA,0,0
anna,7.600902459542082,NA,1,0
gerda,7.313220387090301,NA,1,0
gustava,7.824046010856292,NA,1,0
vilhelm,8.294049640102028,NA,0,0
anton,8.634086942887738,NA,0,0
bror,7.992944547318106,NA,0,0
axel,6.907755278982137,NA,0,0
anselm,8.548691858475609,NA,0,0
johanna,7.313220387090301,1,1,1
hertha,7.090076835776092,NA,0,0
emil,8.61431990214696,NA,0,0
knut,9.852194258148577,0,0,1
märta,7.313220387090301,NA,1,0
axel,7.450079569807499,NA,0,0
elle,7.313220387090301,NA,0,0
anna,7.313220387090301,NA,1,0
anna,8.411832675758411,NA,1,0
christina,7.6255950721324535,NA,0,0
bo,7.3777589082278725,NA,0,0
alfred,7.600902459542082,NA,0,0
carl,6.396929655216146,NA,0,0
anna,6.684611727667927,NA,1,0
pilip,7.600902459542082,NA,0,0
frans,8.163371316459912,NA,0,0
karl,8.250620082174692,NA,0,0
knut,8.623353387244627,NA,0,0
axel,7.090076835776092,NA,0,0
anna,7.859413154693583,NA,1,0
karl,8.216088098632316,0,0,1
carl,8.006367567650246,NA,0,0
hulda,7.313220387090301,NA,1,0
lars,8.389359819906353,NA,0,0
olov,7.783224016336037,NA,0,0
anna,7.313220387090301,NA,1,0
hedvig,7.313220387090301,NA,1,0
axel,10.596634733096073,NA,0,0
aina,7.313220387090301,1,0,1
astrid,7.090076835776092,NA,0,0
anna,7.495541943884256,NA,1,0
julia,7.495541943884256,NA,1,0
elsa,7.313220387090301,NA,1,0
eva,6.7912214627261855,NA,1,0
gustaf,8.070906088787819,NA,0,0
gerda,7.383989457978509,NA,1,0
sven,8.790269111478656,NA,0,0
svea,7.824046010856292,NA,0,0
julia,7.600902459542082,NA,1,0
friedrich,8.006367567650246,NA,0,0
dagmar,6.396929655216146,NA,1,0
ebba,8.281470857895167,NA,1,0
carolina,8.083328608786376,NA,0,0
maria,8.143226750367445,NA,1,0
hugo,9.236982302922604,NA,0,0
wilhelmina,7.3777589082278725,NA,1,0
eric,8.006367567650246,NA,0,0
hildur,7.824046010856292,NA,1,0
karl,8.268731832117737,NA,0,0
gustaf,8.294049640102028,NA,0,0
erik,8.62155320674048,NA,0,0
olga,7.600902459542082,NA,0,0
albin,8.699514748210191,0,0,1
maria,7.549609165154532,NA,1,0
hanna,7.549609165154532,NA,1,0
tyra,7.512071245835466,NA,1,0
jenny,7.3901814282264295,NA,1,0
eugenia,7.489970898834801,NA,1,0
alma,7.4205789054108005,1,1,1
anna,7.495541943884256,NA,1,0
anna,7.605890001053122,NA,1,0
anna,7.426549072397305,NA,1,0
ebby,7.426549072397305,NA,0,0
elin,7.52294091807237,NA,1,0
hilda,7.426549072397305,NA,1,0
johanna,7.455876687491824,NA,1,0
anna,7.461640392208575,NA,1,0
elin,7.426549072397305,NA,1,0
karin,7.4205789054108005,NA,1,0
teodora,7.3453648404168685,NA,0,0
thure,8.765614549914716,0,0,1
karolina,7.600902459542082,NA,1,0
anna,7.313220387090301,NA,1,0
john,8.751474487140904,NA,0,0
anna,7.835974581721566,NA,1,0
johanna,7.600902459542082,NA,1,0
mertha,7.783224016336037,NA,0,0
agnes,7.937374696163295,NA,1,0
john,9.893437216682626,NA,0,0
gustava,7.824046010856292,NA,1,0
lambert,8.743531633626967,NA,0,0
erik,8.294049640102028,NA,0,0
ernst,8.294049640102028,NA,0,0
anders,8.41847721847708,NA,0,0
gustaf,7.926602599181384,NA,0,0
karl,7.600902459542082,NA,0,0
johan,8.99961934066053,NA,0,0
jenny,7.668561108015897,NA,1,0
nils,8.089482474360754,NA,0,0
maria,7.90100705199242,NA,1,0
elin,8.160518247477505,1,1,1
eleonora,8.391629968440892,NA,1,0
johanna,7.600902459542082,NA,1,0
märta,7.313220387090301,NA,1,0
johan,8.006367567650246,NA,0,0
herbert,8.006367567650246,NA,0,0
karl,8.006367567650246,NA,0,0
augusta,7.727535110475448,NA,1,0
johan,9.015541293671115,NA,0,0
ebba,6.907755278982137,NA,1,0
josefina,7.313220387090301,1,1,1
per,8.166216268592143,NA,0,0
hulda,7.1929342212158,NA,1,0
oskar,8.517193191416238,0,0,1
carl,8.294049640102028,0,0,1
carl,8.174702882469461,NA,0,0
gustaf,8.517193191416238,0,0,1
karin,6.813444599510896,NA,1,0
johan,7.753623546559746,NA,0,0
erik,9.128045129249353,NA,0,0
severin,8.1886891244442,NA,1,0
hilda,5.91350300563827,NA,1,0
folke,7.843848638152472,NA,0,0
hilda,7.170119543449628,NA,1,0
david,9.383452989684827,NA,0,0
martha,8.80086724247048,NA,0,0
julia,8.907883013942248,NA,1,0
john,8.856518497019858,NA,0,0
ester,7.783224016336037,NA,1,0
augusta,5.598421958998375,NA,1,0
hilda,7.313220387090301,NA,1,0
aina,7.313220387090301,NA,0,0
erik,9.70320567036518,NA,0,0
gerda,7.495541943884256,NA,1,0
johan,8.751474487140904,NA,0,0
hanna,7.313220387090301,NA,1,0
hilda,7.313220387090301,NA,1,0
per,9.0595174822416,0,0,1
fanny,7.3901814282264295,NA,0,0
alfhild,7.352441100243583,NA,0,0
pehr,9.409191230721348,NA,0,0
ebba,7.313220387090301,NA,1,0
alma,9.046644279305394,NA,1,0
anna,8.006367567650246,NA,1,0
albin,8.006367567650246,NA,0,0
hildur,8.476371196895983,NA,1,0
gustav,8.966994113344454,NA,0,0
erik,9.392661928770137,NA,0,0
iris,7.745002803515839,NA,0,0
kristina,7.90100705199242,NA,1,0
karin,7.649692623711514,NA,1,0
niklas,8.701180027529253,NA,0,0
hulda,8.006367567650246,1,1,1
w,9.410829232725586,NA,0,0
carl,11.225243392518447,NA,0,0
gerda,7.313220387090301,NA,1,0
eva,7.313220387090301,NA,1,0
gerda,7.313220387090301,NA,1,0
august,10.021270588192511,NA,0,0
gunnar,7.585788821732034,NA,0,0
fredrik,9.392661928770137,NA,0,0
amalia,7.313220387090301,NA,1,0
artur,7.718685495198466,NA,0,0
erik,8.013012110368916,NA,0,0
matilda,8.859363449152088,NA,1,0
anna,8.651724084373843,NA,1,0
anna,7.299797366758161,NA,1,0
valborg,7.749322464660356,1,0,1
anna,8.258422462458876,NA,1,0
carl,8.922658299524402,NA,0,0
anna,7.326465613840322,NA,1,0
emma,6.684611727667927,NA,1,0
carl,9.798127036878302,NA,0,0
aug,7.352441100243583,NA,0,0
gustav,8.468002947225466,NA,0,0
susanna,7.313220387090301,1,1,1
kristina,7.408530566894626,NA,1,0
ida,7.4673710669175595,NA,1,0
sally,7.408530566894626,NA,0,0
mauritz,9.454070556898781,0,0,1
augusta,7.408530566894626,NA,1,0
carl,8.207946941048617,NA,0,0
erik,10.815770263012745,0,0,1
ebba,7.258412150595307,NA,1,0
selma,7.215239978730097,NA,1,0
martin,8.922658299524402,NA,0,0
alma,6.214608098422191,1,1,1
frans,8.787220328629298,NA,0,0
carolina,5.0106352940962555,NA,0,0
august,7.783224016336037,NA,0,0
agnes,7.640123172695364,NA,1,0
gustaf,9.615805480084347,NA,0,0
gunila,7.313220387090301,NA,0,0
helga,7.313220387090301,NA,0,0
sofi,7.560080465021827,NA,0,0
anna,7.783224016336037,NA,1,0
anna,7.600902459542082,NA,1,0
selma,7.600902459542082,NA,1,0
ellen,7.783224016336037,NA,1,0
hans,8.476371196895983,NA,0,0
signe,7.438383530044307,NA,0,0
paul,8.294049640102028,NA,0,0
anton,8.294049640102028,NA,0,0
hilma,7.937374696163295,NA,1,0
elinmathilda,7.438383530044307,1,0,1
sven,8.1886891244442,0,0,1
edv,11.788357814993093,NA,0,0
otto,11.278215277284554,NA,0,0
ida,6.396929655216146,NA,1,0
augusta,7.495541943884256,NA,1,0
erika,7.313220387090301,NA,1,0
ruth,7.313220387090301,NA,0,0
anna,7.313220387090301,NA,1,0
carl,10.830322498285954,NA,0,0
greta,7.090076835776092,1,1,1
ivar,8.691146498539675,NA,0,0
hilda,7.313220387090301,NA,1,0
ellen,8.701180027529253,NA,1,0
jane,8.61431990214696,NA,1,0
carl,8.883224230278994,NA,0,0
axel,10.189042363971735,NA,0,0
elsa,9.655026193237628,NA,1,0
ruth,7.313220387090301,NA,0,0
anna,7.313220387090301,NA,1,0
anna,6.907755278982137,NA,1,0
eri,10.650649321402312,NA,0,0
elin,7.313220387090301,NA,1,0
elisabet,7.408530566894626,NA,1,0
alfred,9.5453830157878,NA,0,0
maria,8.157657015196472,NA,1,0
tora,7.313220387090301,NA,1,0
henning,9.811920359010637,NA,0,0
johanna,7.22983877815125,NA,1,0
victor,9.198267790741914,0,0,1
gerda,8.785692444451245,NA,1,0
ernst,9.02401079378469,NA,0,0
august,8.907883013942248,NA,0,0
birgitta,7.696212639346407,1,0,1
emil,8.88599431515281,0,0,1
gustaf,8.354674261918463,NA,0,0
gustaf,7.979338895262328,NA,0,0
oscar,7.326465613840322,NA,0,0
nils,7.24422751560335,0,0,1
karl,7.757906208351747,NA,0,0
gustav,7.533693709848633,NA,0,0
birger,7.5652752818989315,NA,0,0
ture,7.61085279039525,NA,0,0
axel,7.958576903813898,NA,0,0
bertil,7.595889917718538,NA,0,0
josef,7.982757702011113,NA,0,0
artur,7.265429723253953,NA,0,0
knut,7.528331766707247,NA,0,0
carl,7.615791072035833,NA,0,0
bertil,7.52294091807237,NA,0,0
henning,7.251344983372214,NA,0,0
gustav,8.064636475774222,NA,0,0
thor,7.5443321080536885,NA,0,0
einar,7.605890001053122,NA,0,0
gunnar,7.630461261783627,NA,0,0
johan,7.506591780070841,NA,0,0
carl,7.807916628926408,NA,0,0
knut,7.237059026124737,NA,0,0
frans,7.251344983372214,NA,0,0
carl,7.61085279039525,NA,0,0
axel,7.630461261783627,0,0,1
nils,7.590852123688581,NA,0,0
karl,7.649692623711514,NA,0,0
olov,7.506591780070841,NA,0,0
carl,7.554858521040676,NA,0,0
johan,7.549609165154532,NA,0,0
johan,7.326465613840322,NA,0,0
johan,8.527143522269405,NA,0,0
emma,7.24422751560335,NA,1,0
anna,8.101677747454572,1,1,1
valborg,7.326465613840322,NA,0,0
berndt,10.968887706998125,NA,0,0
amanda,7.461640392208575,NA,1,0
jenny,7.090076835776092,NA,1,0
olga,7.090076835776092,NA,0,0
ellin,7.687080155783135,NA,0,0
julia,8.420682291035394,NA,1,0
per,10.901173922614277,NA,0,0
karin,7.313220387090301,NA,1,0
helge,8.199738960630786,NA,0,0
anna,6.214608098422191,NA,1,0
werner,7.600902459542082,NA,0,0
rudolf,8.706159290928861,NA,0,0
johan,7.154615356913663,0,0,1
ruth,7.9157131993821155,NA,0,0
axel,9.425451751593128,0,0,1
hilma,7.138866999945524,1,1,1
victor,8.982184278838428,NA,0,0
anna,6.396929655216146,NA,1,0
elsa,8.737131611781498,NA,1,0
carolina,8.393894975071744,NA,0,0
adolf,8.294049640102028,NA,0,0
jakob,8.429454277108231,NA,0,0
anna,8.006367567650246,1,1,1
jenny,7.313220387090301,NA,1,0
katarina,7.313220387090301,NA,1,0
carl,8.699514748210191,NA,0,0
lydia,7.3901814282264295,NA,0,0
anna,5.91350300563827,1,1,1
torsten,9.454853949026585,0,0,1
augusta,7.4673710669175595,1,1,1
johan,9.099408811268901,0,0,1
harald,8.71768205216564,NA,0,0
johan,8.221478947267192,NA,0,0
bror,8.85366542803745,NA,0,0
agnes,8.039157390473237,NA,1,0
ernst,9.89495122151384,NA,0,0
tekla,7.528331766707247,1,1,1
k,7.7664168980196555,NA,0,0
fridelia,8.101677747454572,NA,0,0
alverin,10.126631103850338,NA,0,0
einar,9.694616660508636,NA,0,0
rut,7.358830898342354,NA,0,0
fredrik,9.159047077588632,NA,0,0
ida,7.215239978730097,NA,1,0
johan,7.691656822810547,NA,0,0
sara,7.313220387090301,NA,1,0
anton,8.221478947267192,NA,0,0
elin,7.575584651557793,1,1,1
alfred,7.408530566894626,NA,0,0
bror,8.416267272826277,NA,0,0
sven,10.546393516659327,NA,0,0
sigrid,5.8289456176102075,NA,1,0
anna,7.313220387090301,NA,1,0
wivi,7.162397497355718,NA,0,0
ebba,8.646465527120377,NA,1,0
nora,8.411832675758411,NA,0,0
per,9.903487552536127,NA,0,0
elin,7.313220387090301,NA,1,0
carl,10.892470969803723,NA,0,0
signe,7.4205789054108005,1,0,1
elna,7.313220387090301,NA,0,0
signe,7.832014180505469,NA,0,0
sofia,7.038783541388542,NA,1,0
erik,8.634086942887738,NA,0,0
sven,8.484669999710677,NA,0,0
sven,9.277999020449997,NA,0,0
peter,8.1886891244442,NA,0,0
eric,8.37793112408273,NA,0,0
karl,8.674196940225903,NA,0,0
per,8.517193191416238,NA,0,0
olga,7.090076835776092,NA,0,0
august,8.842171048611716,NA,0,0
amalia,7.313220387090301,NA,1,0
brita,8.387084506069217,NA,1,0
margit,8.59044365315583,NA,0,0
johannes,9.157993891603974,NA,0,0
clas,9.325453179076687,NA,0,0
hildur,7.313220387090301,NA,1,0
karl,9.201299627324033,NA,0,0
anna,7.313220387090301,NA,1,0
bengt,7.358830898342354,NA,0,0
john,7.8399193600125825,NA,0,0
agnes,7.358830898342354,1,1,1
karl,8.442469645220301,NA,0,0
john,8.400659375160286,NA,0,0
helga,8.116715624819111,NA,0,0
anna,7.438383530044307,NA,1,0
ellen,7.3777589082278725,NA,1,0
gustaf,8.669055540725484,NA,0,0
anna,8.584851839890053,NA,1,0
maria,7.313220387090301,NA,1,0
elsa,7.313220387090301,NA,1,0
albertina,7.979338895262328,1,1,1
matilda,7.313220387090301,NA,1,0
helmi,8.104703468371108,1,0,1
carl,8.202482446576537,NA,0,0
elsa,7.982757702011113,NA,1,0
carl,8.964439833539357,0,0,1
carin,6.907755278982137,1,0,1
helena,7.77485576666552,NA,1,0
augusta,7.313220387090301,NA,1,0
bertha,7.098375638590786,NA,0,0
karin,8.194229304819817,NA,1,0
sigfrid,8.564076777315087,NA,0,0
klara,6.272877006546167,NA,1,0
johan,8.333270353255308,NA,0,0
andrea,7.313220387090301,NA,1,0
john,10.124629101179664,NA,0,0
vladimir,8.003028666384733,NA,0,0
carl,9.522958929717996,NA,0,0
anna,7.352441100243583,NA,1,0
eva,6.733401891837359,NA,1,0
carl,8.594154232552366,NA,0,0
johan,9.299266581170585,NA,0,0
karl,8.006367567650246,NA,0,0
carl,8.451053388911692,NA,0,0
john,8.294049640102028,NA,0,0
lovisa,7.668561108015897,NA,1,0
ruth,7.313220387090301,NA,0,0
sigrid,8.250620082174692,NA,1,0
gunnar,9.131297164635729,NA,0,0
eva,7.346010209913293,NA,1,0
berta,7.098375638590786,NA,1,0
alena,6.779921907472252,NA,0,0
knut,10.299911915992144,NA,0,0
ragnhild,7.313220387090301,NA,0,0
gustav,9.015541293671115,NA,0,0
per,8.330863613224745,NA,0,0
märtha,7.762170607138205,NA,0,0
jenny,7.313220387090301,NA,1,0
fredrik,9.685331542732957,NA,0,0
eric,8.706159290928861,NA,0,0
jacqueline,7.807916628926408,1,0,1
hilda,7.313220387090301,NA,1,0
ingrid,8.194229304819817,NA,1,0
siri,8.205218426395412,NA,0,0
gustaf,8.860782895806315,NA,0,0
amanda,7.24422751560335,NA,1,0
karl,9.2093398716426,NA,0,0
henri,8.294049640102028,NA,0,0
augusta,8.23217423638394,NA,1,0
eugenia,7.313220387090301,NA,1,0
lovisa,7.847762537473608,NA,1,0
siri,7.897296472595885,1,0,1
anna,7.955074273262696,NA,1,0
hilma,7.313220387090301,NA,1,0
rasmus,9.786953736280177,NA,0,0
asty,7.955074273262696,NA,0,0
otto,8.884610231886873,NA,0,0
johanna,7.438383530044307,NA,1,0
margareta,7.352441100243583,NA,1,0
paul,11.211820372186306,0,0,1
vilhelmina,7.3901814282264295,1,0,1
kerstin,8.340456012916183,NA,1,0
oskar,8.308938252595778,0,0,1
gustav,8.941152882160566,NA,0,0
johan,9.097171673870545,NA,0,0
gustaf,9.885832617297407,NA,0,0
frideborg,7.24422751560335,NA,0,0
uno,8.824677891164198,NA,0,0
knut,9.126958763037132,NA,0,0
ingeborg,7.7406644019172415,NA,1,0
signe,7.495541943884256,NA,0,0
maria,7.313220387090301,NA,1,0
hedvig,7.313220387090301,NA,1,0
gölin,7.313220387090301,NA,0,0
carl,8.97335141383992,NA,0,0
astrid,7.313220387090301,NA,0,0
elsa,7.461640392208575,NA,1,0
maria,5.0106352940962555,NA,1,0
edit,7.313220387090301,NA,1,0
maria,8.472195825485501,NA,1,0
karli,8.56216655705897,NA,0,0
gurli,8.558335134747413,NA,0,0
nils,9.45798139489078,NA,0,0
judith,7.090076835776092,NA,0,0
elisabet,7.106606137727303,1,1,1
ester,8.210668031162976,1,1,1
signe,8.213381737034572,NA,0,0
hilda,7.313220387090301,NA,1,0
hedvid,7.426549072397305,NA,0,0
frida,7.383989457978509,NA,1,0
josef,12.765316935897491,NA,0,0
louise,7.461640392208575,NA,1,0
matilda,7.478734825567875,NA,1,0
johanna,7.3901814282264295,NA,1,0
hildur,7.478734825567875,NA,1,0
dorotea,7.560080465021827,NA,1,0
emy,7.24422751560335,NA,0,0
edit,7.371489295214277,NA,1,0
otto,7.807916628926408,NA,0,0
signe,7.495541943884256,NA,0,0
kristian,4.605170185988092,NA,0,0
anna,7.495541943884256,NA,1,0
august,8.494947582468917,NA,0,0
algot,8.751474487140904,NA,0,0
thora,8.411832675758411,NA,0,0
frida,7.461640392208575,NA,1,0
anna,7.3901814282264295,NA,1,0
anna,7.3777589082278725,NA,1,0
selma,7.727535110475448,NA,1,0
carl,9.415727201701133,0,0,1
zelma,8.542860938164814,NA,1,0
anna,8.85366542803745,1,1,1
filip,9.58465875108751,NA,0,0
sigrid,7.358830898342354,NA,1,0
hedvig,7.396335293800808,NA,1,0
anna,7.358830898342354,NA,1,0
johan,9.55393007636626,NA,0,0
linda,7.1853870155804165,NA,0,0
anna,7.1853870155804165,NA,1,0
ingegerd,7.162397497355718,NA,0,0
stina,7.22983877815125,1,1,1
hedda,7.090076835776092,NA,1,0
ingeborg,7.313220387090301,NA,1,0
hugo,9.378393956972433,NA,0,0
augusta,7.090076835776092,1,1,1
hildur,7.313220387090301,NA,1,0
maria,6.620073206530356,NA,1,0
ingeborg,7.313220387090301,NA,1,0
anna,8.258422462458876,NA,1,0
anders,7.313220387090301,NA,0,0
charlotte,7.807916628926408,NA,0,0
karolina,7.1853870155804165,NA,1,0
maria,8.525161361065415,NA,1,0
eva,7.1308988302963465,NA,1,0
elin,8.544808358449211,NA,1,0
margit,8.045588280803528,NA,0,0
else,7.640123172695364,NA,1,0
mathilda,7.313220387090301,NA,0,0
anna,7.940939762327791,1,1,1
anna,7.258412150595307,NA,1,0
emma,7.038783541388542,NA,1,0
anna,7.313220387090301,NA,1,0
karl,8.970813341411448,NA,0,0
carl,8.601534339849989,NA,0,0
wolf,8.125630988477065,0,0,1
greta,7.313220387090301,NA,1,0
erik,7.803843303538772,NA,0,0
edla,7.444248649496705,NA,1,0
carl,7.824046010856292,NA,0,0
klara,7.4205789054108005,NA,1,0
alina,7.138866999945524,NA,0,0
mathilda,7.090076835776092,NA,0,0
karl,8.796338932845732,NA,0,0
maria,7.313220387090301,NA,1,0
anna,6.7912214627261855,NA,1,0
karl,8.364042011922063,NA,0,0
hilda,8.823206220552741,NA,1,0
anders,10.027031738627583,NA,0,0
hilma,7.333023014386481,NA,1,0
thor,9.954180666851647,NA,0,0
emma,7.313220387090301,NA,1,0
elsa,8.352318548226004,NA,1,0
karin,8.205218426395412,NA,1,0
carl,6.907755278982137,NA,0,0
inez,6.684611727667927,1,0,1
märta,8.34283980427146,NA,1,0
irma,8.525161361065415,NA,0,0
signe,7.047517221357296,1,0,1
anton,8.586719254064848,NA,0,0
claes,7.718685495198466,0,0,1
augusta,7.22983877815125,NA,1,0
frans,8.87905466204227,NA,0,0
anna-lisa,7.313220387090301,NA,0,0
carl,9.323669057283185,NA,0,0
anna,7.791522819150732,NA,1,0
jan,11.669587274983606,NA,0,0
alma,7.461640392208575,NA,1,0
frida,7.358830898342354,NA,1,0
elise,7.313220387090301,NA,1,0
greta,7.313220387090301,NA,1,0
john,8.517193191416238,0,0,1
fabian,9.033603193476129,NA,0,0
sofia,6.917705609835305,NA,1,0
august,13.37316878726845,NA,0,0
ellen,7.313220387090301,NA,1,0
emelie,7.313220387090301,NA,1,0
agda,7.313220387090301,NA,0,0
karl,9.526609901279876,NA,0,0
ebba,7.313220387090301,NA,1,0
ebba,7.215239978730097,NA,1,0
nils,8.294049640102028,NA,0,0
per,7.02108396428914,NA,0,0
lars,8.771835409789817,NA,0,0
hjalmar,9.522958929717996,NA,0,0
elisabet,7.090076835776092,NA,1,0
kristina,7.824046010856292,NA,1,0
karl,7.955074273262696,NA,0,0
gertrud,7.962067308753666,NA,1,0
mathilda,6.684611727667927,NA,0,0
oskar,9.903487552536127,NA,0,0
sven,7.495541943884256,NA,0,0
ada,7.824046010856292,NA,0,0
johan,8.691146498539675,NA,0,0
aina,7.691656822810547,NA,0,0
eino,8.04237800517328,NA,0,0
frithiof,5.298317366548036,NA,0,0
johan,8.104703468371108,NA,0,0
per,7.600902459542082,NA,0,0
axel,8.444622498581403,NA,0,0
eva,7.24422751560335,NA,1,0
per,8.536995818712418,NA,0,0
berta,8.234830280442056,NA,1,0
anna,8.166216268592143,NA,1,0
arvid,8.268731832117737,NA,0,0
per,8.316300249036848,NA,0,0
per,7.396335293800808,NA,0,0
jenny,8.34283980427146,NA,1,0
tekla,7.955074273262696,NA,1,0
lilli,8.06777619577889,NA,0,0
knut,8.160518247477505,NA,0,0
august,8.316300249036848,NA,0,0
david,8.448914350662942,NA,0,0
emil,8.294049640102028,NA,0,0
albin,8.294049640102028,NA,0,0
emelia,7.904703913873747,NA,1,0
anna,7.495541943884256,NA,1,0
maria,7.649692623711514,1,1,1
hjalmar,8.294049640102028,NA,0,0
knut,8.160518247477505,NA,0,0
gertrud,7.414572881350589,NA,1,0
gerda,8.083328608786376,NA,1,0
oiva,8.25582842728183,1,0,1
augusta,7.495541943884256,NA,1,0
fritz,8.59044365315583,NA,0,0
kurt,7.580699752224563,NA,0,0
oskar,8.373322820996535,0,0,1
agnes,6.697034247666484,1,1,1
august,8.573573524852344,NA,0,0
knut,8.335671314792847,NA,0,0
anna,6.565264970035361,NA,1,0
mimmie,7.495541943884256,NA,0,0
svante,8.006367567650246,NA,0,0
helge,8.48879371689454,NA,0,0
carl,9.441452092939569,NA,0,0
alma,7.745002803515839,NA,1,0
rut,6.927557906278317,NA,0,0
olof,8.476371196895983,NA,0,0
frans,8.37793112408273,NA,0,0
johan,8.160518247477505,NA,0,0
oskar,8.4096079807363,NA,0,0
knut,8.160518247477505,NA,0,0
gustaf,8.592300663903043,NA,0,0
mariana,8.039157390473237,NA,1,0
fredrik,8.699514748210191,0,0,1
johan,8.160518247477505,NA,0,0
emilia,7.762170607138205,NA,1,0
georgina,8.250620082174692,NA,1,0
karl,8.229511118964457,0,0,1
hillevi,7.791522819150732,NA,0,0
emmy,7.313220387090301,NA,0,0
carl,8.294049640102028,NA,0,0
wiktor,7.064759027791802,0,0,1
edla,7.824046010856292,NA,1,0
geza,8.21878715560148,NA,0,0
johan,8.61431990214696,NA,0,0
anna,7.506591780070841,NA,1,0
august,8.24800570160062,NA,0,0
gustaf,8.826147399143558,NA,0,0
josef,8.294049640102028,NA,0,0
ingeborg,8.221478947267192,NA,1,0
karl,8.389359819906353,NA,0,0
johan,8.451053388911692,NA,0,0
johan,8.867850063029406,0,0,1
johan,8.294049640102028,NA,0,0
karl,7.047517221357296,NA,0,0
johan,8.599694412927981,NA,0,0
wilhelmina,7.455876687491824,NA,1,0
erik,8.463792414689122,NA,0,0
karl,8.1886891244442,NA,0,0
carl,8.364042011922063,NA,0,0
julianus,8.17188200612782,NA,0,0
walter,8.66561319653451,0,0,1
august,7.313220387090301,NA,0,0
anna,7.620705086838262,1,1,1
lovisa,7.313220387090301,NA,1,0
matilda,7.996317231796746,NA,1,0
johan,8.357024439263416,NA,0,0
ernst,7.600902459542082,NA,0,0
johan,7.982757702011113,NA,0,0
karl,8.765614549914716,NA,0,0
albin,8.116715624819111,0,0,1
johan,8.294049640102028,NA,0,0
elsa,7.7664168980196555,NA,1,0
matilda,8.077136638538454,NA,1,0
karl,8.006367567650246,NA,0,0
gustaf,8.1886891244442,NA,0,0
carl,8.330863613224745,NA,0,0
thor,7.9724660159745655,0,0,1
karl,8.435983135990694,NA,0,0
emma,7.9229859587111955,NA,1,0
karl,8.584851839890053,NA,0,0
wictor,8.146129510025405,NA,0,0
emil,8.210668031162976,NA,0,0
anna,7.937374696163295,NA,1,0
knut,8.382518288089635,NA,0,0
evert,6.7912214627261855,0,0,1
johan,8.68946441235669,NA,0,0
sven,8.62155320674048,NA,0,0
lieba,7.313220387090301,NA,0,0
josef,7.682482446534506,NA,0,0
benjamin,8.026170194946426,NA,0,0
carl,7.958576903813898,NA,0,0
hildegard,7.600902459542082,NA,1,0
ivan,9.80807736773147,NA,0,0
josef,8.387084506069217,NA,0,0
eva,8.14902386805177,NA,1,0
kristina,7.170119543449628,NA,1,0
karl,9.659503335350067,NA,0,0
richard,9.533148246403337,NA,0,0
hedvig,7.138866999945524,NA,1,0
theodor,8.931948346431495,NA,0,0
sven,8.517193191416238,NA,0,0
karolina,8.517193191416238,NA,1,0
gunhild,7.484368643286131,NA,0,0
elsa,8.14902386805177,NA,1,0
alice,7.495541943884256,NA,0,0
frans,9.50151633368222,NA,0,0
anna,7.24422751560335,NA,1,0
emil,8.794824928014517,NA,0,0
fredrika,7.154615356913663,NA,1,0
knut,8.507142855562735,0,0,1
karl,8.37793112408273,NA,0,0
karl,6.131226489483141,NA,0,0
olof,8.773384596776648,NA,0,0
fritz,8.630521876723241,NA,0,0
john,8.573573524852344,NA,0,0
karl,8.517193191416238,0,0,1
axel,8.793308627496552,NA,0,0
hildur,7.696212639346407,NA,1,0
ernst,8.04237800517328,NA,0,0
axel,8.294049640102028,NA,0,0
knut,8.71768205216564,0,0,1
anna,7.495541943884256,NA,1,0
gunnar,8.431635303054591,NA,0,0
erik,9.027618735160889,NA,0,0
carl,8.536995818712418,NA,0,0
ernst,8.364042011922063,NA,0,0
gustaf,8.294049640102028,0,0,1
gustaf,8.37793112408273,NA,0,0
carl,10.036706396322352,NA,0,0
ester,7.090076835776092,NA,1,0
amalia,7.333023014386481,1,1,1
maria,7.600902459542082,1,1,1
knut,10.064330077652958,NA,0,0
naemi,7.170119543449628,NA,0,0
anton,8.131530710604252,NA,0,0
erik,9.257223957875032,NA,0,0
gerda,7.313220387090301,NA,1,0
georg,8.393894975071744,NA,0,0
augusta,7.9996785794994505,NA,1,0
maria,7.630461261783627,1,1,1
gerda,8.107720061910534,NA,1,0
axel,8.294049640102028,NA,0,0
lilly,6.461468176353717,NA,0,0
johan,8.746716349694486,NA,0,0
emma,8.196987927258897,NA,1,0
ester,8.729073550451737,NA,1,0
jossel,8.737131611781498,NA,0,0
josef,7.2078598714324755,NA,0,0
margit,7.996317231796746,NA,0,0
ernst,8.420682291035394,1,0,1
alfhild,6.345636360828596,NA,0,0
herman,8.318742252692399,0,0,1
emil,8.499029220788566,NA,0,0
arvid,9.940301525658844,NA,0,0
edit,7.24422751560335,NA,1,0
otto,8.006367567650246,NA,0,0
e_,6.579251212010101,NA,0,0
otto,7.8119734296220225,NA,0,0
ture,7.600902459542082,0,0,1
engla,7.560080465021827,NA,0,0
maria,7.955074273262696,NA,1,0
gustaf,8.294049640102028,NA,0,0
johan,8.696175846944678,NA,0,0
axel,8.400659375160286,NA,0,0
ruben,8.389359819906353,NA,0,0
bror,8.478452363099807,NA,0,0
gurli,7.3901814282264295,NA,0,0
axel,7.038783541388542,NA,0,0
beda,7.8898337513942955,NA,0,0
erik,8.457443187010464,NA,0,0
johan,7.640123172695364,NA,0,0
karl,8.207946941048617,NA,0,0
frida,7.170119543449628,NA,1,0
johanna,7.709756864454165,NA,1,0
johan,8.52912176228151,NA,0,0
karl,8.389359819906353,NA,0,0
karl,8.294049640102028,NA,0,0
signe,7.539027055823995,NA,0,0
karl,8.459564078579602,NA,0,0
karl,8.160518247477505,NA,0,0
karin,7.528331766707247,NA,1,0
nils,6.813444599510896,NA,0,0
berta,7.965545573129992,1,1,1
axel,8.368693183097793,NA,0,0
gustaf,7.824046010856292,NA,0,0
kurt,7.824046010856292,NA,0,0
elena,8.425077902508432,NA,0,0
albert,8.006367567650246,NA,0,0
fredrik,8.37793112408273,0,0,1
nils,7.5652752818989315,NA,0,0
david,8.599694412927981,0,0,1
carl,8.294049640102028,NA,0,0
rut,7.1853870155804165,NA,0,0
svea,7.824046010856292,NA,0,0
karl,8.006367567650246,NA,0,0
kurt,8.48673398393153,0,0,1
nils,8.472195825485501,NA,0,0
karl,8.294049640102028,NA,0,0
beda,7.912056888179006,NA,0,0
gustaf,8.699514748210191,NA,0,0
gustafedward,8.294049640102028,NA,0,0
kerstin,8.480529207044645,NA,1,0
hilda,6.877296071497429,NA,1,0
linus,8.992184362173012,NA,0,0
konrad,8.677609912822142,NA,0,0
erik,8.098642843759418,NA,0,0
johan,8.499029220788566,NA,0,0
johan,8.719317375506371,NA,0,0
margareta,7.8119734296220225,NA,1,0
johan,8.391629968440892,NA,0,0
maria,6.396929655216146,NA,1,0
nils,9.395989718862811,NA,0,0
juliana,7.313220387090301,NA,0,0
nils,8.881836305004146,0,0,1
karl,8.294049640102028,0,0,1
ester,7.824046010856292,NA,1,0
frans,8.834919385216395,NA,0,0
emil,8.866440619526173,NA,0,0
elsa,7.944492163932159,NA,1,0
carl,8.294049640102028,0,0,1
ida,8.554488976159934,NA,1,0
gertrud,7.783224016336037,NA,1,0
hulda,7.904703913873747,NA,1,0
erik,8.556413904569519,NA,0,0
ellen,8.086410275323782,NA,1,0
irene,7.495541943884256,1,0,1
wiktor,8.556413904569519,NA,0,0
emma,7.930206206684683,NA,1,0
tyra,8.101677747454572,NA,1,0
edit,8.113726085970747,1,1,1
johan,10.428807622452572,0,0,1
lovisa,7.313220387090301,NA,1,0
paul,8.748304912379623,NA,0,0
anna,7.24422751560335,NA,1,0
anders,8.794824928014517,NA,0,0
anna,7.313220387090301,NA,1,0
teodor,8.881836305004146,NA,0,0
carl,9.591512787515303,NA,0,0
carl,8.8023721336499,NA,0,0
selma,6.802394763324311,NA,1,0
karl,8.808369153122275,NA,0,0
edith,8.903815211722922,NA,0,0
calla,8.660427359502146,NA,0,0
gustaf,8.194229304819817,NA,0,0
julia,6.672032945461067,NA,1,0
lars,8.077136638538454,NA,0,0
gustaf,8.702842538302868,NA,0,0
ernst,8.612503371220562,NA,0,0
david,8.987196820661973,NA,0,0
hedvig,7.170119543449628,NA,1,0
arvid,7.824046010856292,0,0,1
anders,8.226840890408578,NA,0,0
thomas,8.448914350662942,NA,0,0
johan,7.6638772587034705,NA,0,0
gustaf,7.9229859587111955,NA,0,0
gustaf,7.333023014386481,NA,0,0
carl,8.382518288089635,NA,0,0
carl,7.832014180505469,NA,0,0
erik,8.375629627094451,0,0,1
hjalmar,8.384804003370492,0,0,1
arhur,5.480638923341991,NA,0,0
augusta,7.723120092266331,NA,1,0
alfred,8.684401110400144,NA,0,0
brita,7.215239978730097,NA,1,0
johan,8.366370301681654,NA,0,0
gustaf,7.824046010856292,NA,0,0
fredrik,8.51919119407891,NA,0,0
johan,8.87346805533363,NA,0,0
ernst,8.913281137711804,NA,0,0
erik,7.696212639346407,NA,0,0
karl,9.691531190612483,NA,0,0
sigrid,7.313220387090301,NA,1,0
hjalmar,8.92399074475818,NA,0,0
karl,8.448914350662942,NA,0,0
elsa,7.038783541388542,NA,1,0
josef,7.047517221357296,NA,0,0
signe,8.634086942887738,NA,0,0
rosa,7.495541943884256,NA,0,0
karl,9.392661928770137,NA,0,0
lilly,7.313220387090301,NA,0,0
hulda,8.039157390473237,NA,1,0
nils,7.955074273262696,NA,0,0
uno,9.615805480084347,0,0,1
anna,7.495541943884256,NA,1,0
anna,8.546751993657782,NA,1,0
georg,8.472195825485501,NA,0,0
erik,9.463430999658344,NA,0,0
alice,8.484669999710677,NA,0,0
nils,8.234830280442056,NA,0,0
inez,8.357024439263416,NA,0,0
axel,8.607033895416027,NA,0,0
ulrika,7.937374696163295,NA,1,0
frans,8.294049640102028,NA,0,0
karl,8.416267272826277,NA,0,0
ida,6.835184586147301,NA,1,0
karl,7.326465613840322,NA,0,0
karl,8.160518247477505,NA,0,0
nils,8.517193191416238,NA,0,0
ernst,8.242756345714477,NA,0,0
herman,7.313220387090301,NA,0,0
anna,7.27931883541462,1,1,1
israel,9.685953239986429,0,0,1
robert,8.122668023346407,NA,0,0
sara,7.783224016336037,NA,1,0
per,9.165343006045447,NA,0,0
sven,6.802394763324311,NA,0,0
karl,8.977146484808472,NA,0,0
johannes,8.006367567650246,NA,0,0
arvid,11.535958164080801,NA,0,0
karin,7.313220387090301,NA,1,0
emma,7.820037989458753,NA,1,0
edla,7.122866658599083,NA,1,0
alfrida,7.495541943884256,NA,1,0
curt,7.4673710669175595,NA,0,0
velina,7.090076835776092,NA,0,0
hedvig,7.3901814282264295,NA,1,0
olof,8.511175119090675,NA,0,0
august,8.515191188745565,NA,0,0
knut,8.599694412927981,NA,0,0
viktoria,7.003065458786462,NA,0,0
gustaf,8.268731832117737,0,0,1
johan,8.540909718033554,NA,0,0
rickard,8.639410824140487,NA,0,0
anders,8.318742252692399,NA,0,0
ingrid,8.425077902508432,NA,1,0
elna,7.5443321080536885,1,0,1
karl,8.125630988477065,0,0,1
thyra,8.098642843759418,NA,0,0
per,8.560252680876685,NA,0,0
axel,8.544808358449211,NA,0,0
anders,8.303999970955196,NA,0,0
signe,7.9724660159745655,NA,0,0
eva,7.727535110475448,NA,1,0
jenny,8.070906088787819,NA,1,0
karl,8.959311617172437,NA,0,0
johan,7.560080465021827,NA,0,0
gurly,8.107720061910534,NA,0,0
ellen,7.313220387090301,NA,1,0
fanny,8.250620082174692,NA,0,0
per,8.674196940225903,NA,0,0
anna,8.433811582477187,NA,1,0
erik,8.294049640102028,NA,0,0
anna,7.047517221357296,NA,1,0
agnes,7.723120092266331,NA,1,0
klas,8.546751993657782,NA,0,0
karl,8.382518288089635,NA,0,0
vanja,7.90100705199242,NA,0,0
hedvig,8.110727582974489,NA,1,0
edvin,9.95227771670556,NA,0,0
rut,7.251344983372214,NA,0,0
bror,9.702594610156739,NA,0,0
elin,7.313220387090301,1,1,1
ernst,9.682840881420505,NA,0,0
karl,7.313220387090301,NA,0,0
tor,10.388995368317829,NA,0,0
karin,7.313220387090301,NA,1,0
rut,7.687080155783135,NA,0,0
karl,8.006367567650246,NA,0,0
maria,6.907755278982137,NA,1,0
karl,7.326465613840322,NA,0,0
elsa,7.495541943884256,NA,1,0
ingrid,7.933796874815411,NA,1,0
eva,7.723120092266331,NA,1,0
frida,7.659171367666058,NA,1,0
maria,7.200424892944957,NA,1,0
ida,7.575584651557793,NA,1,0
carl,8.242756345714477,NA,0,0
ida,6.802394763324311,NA,1,0
carl,8.006367567650246,NA,0,0
fredrik,8.699514748210191,NA,0,0
ida,8.13739583005665,NA,1,0
amanda,7.824046010856292,NA,1,0
gustaf,8.476371196895983,NA,0,0
carl,8.52912176228151,NA,0,0
anna,8.006367567650246,NA,1,0
ture,8.741935464094144,NA,0,0
axel,8.556413904569519,NA,0,0
karl,8.476371196895983,NA,0,0
emilia,6.396929655216146,NA,1,0
carl,8.925321416943886,NA,0,0
sixten,7.948031990637284,NA,0,0
johan,8.242756345714477,NA,0,0
frans,8.753055515138222,NA,0,0
beda,7.313220387090301,NA,0,0
viktor,8.294049640102028,0,0,1
georg,8.21878715560148,NA,0,0
sally,7.8709295967551425,NA,0,0
julia,7.90100705199242,1,1,1
carl,7.824046010856292,NA,0,0
carl,7.8119734296220225,0,0,1
bengta,6.907755278982137,NA,1,0
anna,7.3777589082278725,NA,1,0
sven,8.340456012916183,NA,0,0
nils,7.3777589082278725,NA,0,0
rickard,7.600902459542082,NA,0,0
august,8.330863613224745,NA,0,0
carl,8.294049640102028,NA,0,0
johan,8.347590407030058,NA,0,0
anna,7.170119543449628,NA,1,0
ida,7.495541943884256,NA,1,0
johannes,8.131530710604252,NA,0,0
ernst,8.987196820661973,NA,0,0
siri,7.590852123688581,NA,0,0
helge,6.907755278982137,NA,0,0
konrad,8.294049640102028,0,0,1
frida,7.824046010856292,NA,1,0
conrad,8.770283819098399,NA,0,0
carl,8.515191188745565,0,0,1
signe,8.160518247477505,NA,0,0
carl,7.696212639346407,NA,0,0
carl,8.607033895416027,NA,0,0
gösta,8.210668031162976,NA,0,0
josef,8.34283980427146,NA,0,0
john,8.1859074814823245,NA,0,0
david,8.039157390473237,NA,0,0
karl,8.296546520300614,NA,0,0
axel,8.294049640102028,NA,0,0
anders,8.242756345714477,NA,0,0
elvi,7.438383530044307,NA,0,0
karl,7.783224016336037,NA,0,0
fredrika,7.600902459542082,NA,1,0
gustaf,8.242756345714477,NA,0,0
anna,7.313220387090301,NA,1,0
anna,7.333023014386481,NA,1,0
emmy,7.506591780070841,NA,0,0
tyra,7.333023014386481,NA,1,0
julia,7.630461261783627,NA,1,0
karin,7.495541943884256,NA,1,0
annie,7.4673710669175595,NA,1,0
helga,7.3777589082278725,NA,0,0
signe,7.762170607138205,NA,0,0
ida,7.450079569807499,NA,1,0
olga,7.22983877815125,1,0,1
klara,7.8632667240095735,1,1,1
anna,7.791522819150732,NA,1,0
signe,7.727535110475448,NA,0,0
karin,7.438383530044307,NA,1,0
anna,6.907755278982137,NA,1,0
ture,8.294049640102028,NA,0,0
karl,8.294049640102028,0,0,1
karl,8.425077902508432,NA,0,0
peter,7.600902459542082,NA,0,0
anders,7.090076835776092,NA,0,0
emma,7.828038032125829,NA,1,0
elin,7.590852123688581,NA,1,0
elin,7.61085279039525,NA,1,0
kristina,7.52294091807237,NA,1,0
greta,7.549609165154532,NA,1,0
karin,7.52294091807237,NA,1,0
signe,6.802394763324311,NA,0,0
signe,7.696212639346407,NA,0,0
emma-maria,7.855544677915663,NA,0,0
johan,7.824046010856292,NA,0,0
ester,7.313220387090301,NA,1,0
hilma,7.533693709848633,NA,1,0
erik,8.400659375160286,NA,0,0
brita,8.146129510025405,1,1,1
vilhelm,8.637639344492104,NA,0,0
anna,4.787491742782046,NA,1,0
anna,7.313220387090301,NA,1,0
johan,7.090076835776092,NA,0,0
anna,7.783224016336037,1,1,1
birgitta,7.979338895262328,NA,0,0
anna,7.787382026484701,NA,1,0
sven,7.3777589082278725,NA,0,0
emil,8.478452363099807,NA,0,0
berta,6.897704943128636,NA,1,0
berta,7.313220387090301,NA,1,0
august,8.157657015196472,NA,0,0
carl,8.906528917594517,NA,0,0
hildur,8.1886891244442,NA,1,0
per,7.090076835776092,NA,0,0
karl,7.919356190660617,0,0,1
axel,7.7406644019172415,NA,0,0
frans,8.338066525518801,NA,0,0
margit,7.090076835776092,NA,0,0
elsa,8.400659375160286,NA,1,0
astrid,8.101677747454572,NA,0,0
barbro,7.795646536334594,NA,0,0
august,8.56216655705897,NA,0,0
karl,7.7406644019172415,NA,0,0
ebba,7.258412150595307,NA,1,0
august,8.51919119407891,NA,0,0
karl,9.316500567804573,NA,0,0
johan,8.653470809708786,NA,0,0
simon,8.472195825485501,NA,0,0
doris,7.975908360165538,1,0,1
august,8.564076777315087,NA,0,0
adolf,8.484669999710677,NA,0,0
nils,7.3777589082278725,0,0,1
hilmer,7.495541943884256,NA,0,0
carl,8.160518247477505,0,0,1
fritz,8.242756345714477,NA,0,0
ivar,8.463792414689122,NA,0,0
otto,8.294049640102028,NA,0,0
frans,8.414052432496725,NA,0,0
anna,8.517193191416238,NA,1,0
axel,8.077136638538454,NA,0,0
bror,8.229511118964457,NA,0,0
karl,8.420682291035394,0,0,1
berta,5.393627546352362,NA,1,0
oskar,8.762489547371581,NA,0,0
edit,7.090076835776092,NA,1,0
axie,7.313220387090301,1,0,1
herman,8.283999304248526,NA,0,0
johanna,7.912056888179006,NA,1,0
edvin,8.210668031162976,NA,0,0
algot,8.34283980427146,NA,0,0
elin,8.271292652979412,NA,1,0
per,7.326465613840322,NA,0,0
joel,7.937374696163295,NA,0,0
anders,8.823206220552741,NA,0,0
anna,6.633318433280377,NA,1,0
john,5.8289456176102075,0,0,1
carl,9.132378830506472,NA,0,0
viktor,10.272288676272701,NA,0,0
elin,7.313220387090301,NA,1,0
erik,6.907755278982137,NA,0,0
ida,7.306531398939505,NA,1,0
carl,8.294049640102028,NA,0,0
oskar,8.411832675758411,0,0,1
olga,7.867105500316739,NA,0,0
ivan,9.035986984831405,NA,0,0
gurli,7.258412150595307,NA,0,0
edvin,7.600902459542082,0,0,1
brita,6.937314081223682,NA,1,0
berta,8.216088098632316,NA,1,0
josef,8.626944055375356,NA,0,0
ernst,8.375629627094451,NA,0,0
karl,9.615805480084347,NA,0,0
lovisa,8.463792414689122,NA,1,0
fritz,8.968268810776454,NA,0,0
hilma,7.600902459542082,NA,1,0
karl,8.646465527120377,NA,0,0
knut,7.736307096548285,NA,0,0
fritz,7.528331766707247,NA,0,0
karl,8.56216655705897,NA,0,0
helga,7.495541943884256,NA,0,0
alf,8.764053269347762,NA,0,0
maria,8.400659375160286,NA,1,0
frans,8.68609172787805,NA,0,0
alva,7.162397497355718,NA,0,0
axel,8.670772279344538,NA,0,0
joel,8.651724084373843,NA,0,0
karl,7.736307096548285,NA,0,0
elin,7.7706452341291765,NA,1,0
elis,7.803843303538772,NA,0,0
sten,7.9229859587111955,NA,0,0
elisabet,8.101677747454572,NA,1,0
karl,7.222566018822171,NA,0,0
hilda,7.8119734296220225,NA,1,0
agda,7.495541943884256,NA,0,0
karl,8.160518247477505,NA,0,0
kuno,8.1886891244442,NA,0,0
karl,8.517193191416238,NA,0,0
hilda,7.824046010856292,NA,1,0
nils,9.400133943608838,NA,0,0
axel,8.242756345714477,0,0,1
fritz,8.242756345714477,NA,0,0
anna,6.396929655216146,NA,1,0
emma,7.24422751560335,NA,1,0
frans,7.3777589082278725,NA,0,0
karl,8.160518247477505,NA,0,0
emil,8.242756345714477,NA,0,0
john,8.480529207044645,NA,0,0
angelin,8.077136638538454,NA,0,0
huildur,8.303999970955196,1,0,1
agnes,7.682482446534506,NA,1,0
elin,7.8399193600125825,NA,1,0
ellen,7.8399193600125825,1,1,1
gerda,7.8399193600125825,NA,1,0
hjalmar,8.699514748210191,NA,0,0
eda,7.600902459542082,NA,0,0
ernst,8.484669999710677,NA,0,0
pehr,8.416267272826277,NA,0,0
josef,9.052516286782616,NA,0,0
amanda,7.495541943884256,NA,1,0
nils,9.622450022803015,NA,0,0
johan,9.883284845218608,NA,0,0
anna,8.361708288575842,NA,1,0
ivar,9.72495879398087,NA,0,0
lisa,7.6255950721324535,NA,1,0
konrad,8.558335134747413,NA,0,0
augusta,7.919356190660617,NA,1,0
carl,8.94767606249969,NA,0,0
nanny,8.51919119407891,NA,1,0
gustaf,8.151909872940905,NA,0,0
selma,4.941642422609304,NA,1,0
axel,6.937314081223682,NA,0,0
helga,7.326465613840322,NA,0,0
viktor,8.382518288089635,NA,0,0
emma,8.216088098632316,1,1,1
johan,8.183118079394745,NA,0,0
olof,8.62515033292133,NA,0,0
carl,8.521185212685776,NA,0,0
greta,8.174702882469461,NA,1,0
lars,8.316300249036848,NA,0,0
per,8.608860379942062,NA,0,0
jonna,7.989560449333865,NA,0,0
ebba,7.352441100243583,NA,1,0
margareta,7.426549072397305,NA,1,0
knut,8.349957272040324,NA,0,0
ester,7.313220387090301,NA,1,0
johan,8.496990484098719,NA,0,0
knut,8.626944055375356,0,0,1
anna,7.696212639346407,NA,1,0
gusten,8.411832675758411,NA,0,0
anna,6.756932389247553,1,1,1
carl,8.58858318750291,NA,0,0
eva,7.533693709848633,NA,1,0
einar,8.289037098278483,NA,0,0
anna,8.169053149927343,NA,1,0
knut,8.446770727119691,NA,0,0
august,8.527143522269405,0,0,1
johan,8.935903526274423,NA,0,0
maria,6.966024187106113,1,1,1
edvard,8.85366542803745,0,0,1
hedvig,8.1886891244442,NA,1,0
carl,10.126631103850338,NA,0,0
lisa,7.1308988302963465,NA,1,0
karl,9.108307646411031,NA,0,0
hans,7.90100705199242,NA,0,0
teckla,7.313220387090301,NA,0,0
gustaf,8.987196820661973,NA,0,0
nils,8.490849216076635,NA,0,0
nils,8.242756345714477,NA,0,0
axel,8.85366542803745,NA,0,0
ernst,8.612503371220562,NA,0,0
petter,8.177515823846075,NA,0,0
claes,9.931588982647003,NA,0,0
frans,8.743531633626967,NA,0,0
carl,7.01211529430638,NA,0,0
ludvig,8.756210091886738,0,0,1
nils,8.425077902508432,NA,0,0
august,7.727535110475448,NA,0,0
johannes,8.242756345714477,NA,0,0
johan,7.8160138391590275,NA,0,0
annalisa,7.649692623711514,1,0,1
carl,8.891511570527564,NA,0,0
karl,7.251344983372214,NA,0,0
kurt,7.7142311448490855,NA,0,0
ernst,7.600902459542082,NA,0,0
frans,8.51919119407891,NA,0,0
vilhelm,9.680344001221918,NA,0,0
johan,8.431635303054591,NA,0,0
adolf,8.294049640102028,NA,0,0
otto,8.740336742730447,NA,0,0
astrid,8.691146498539675,NA,0,0
carl,9.627075072342578,0,0,1
sara,7.313220387090301,NA,1,0
gärda,7.600902459542082,NA,0,0
christina,8.40737832540903,NA,0,0
emma,7.495541943884256,NA,1,0
anna,7.549609165154532,NA,1,0
erik,8.527143522269405,NA,0,0
johan,8.571681376700306,NA,0,0
erik,8.62155320674048,NA,0,0
karl,8.794824928014517,NA,0,0
kurt,7.630461261783627,NA,0,0
ragnar,8.213381737034572,NA,0,0
carl,8.35936910622267,NA,0,0
sven,8.533066540572527,NA,0,0
knut,7.659171367666058,NA,0,0
knut,8.672486075822272,NA,0,0
karl,8.006367567650246,NA,0,0
per,8.644706511715198,NA,0,0
göta,7.495541943884256,NA,0,0
karl,8.221478947267192,NA,0,0
karl,8.006367567650246,NA,0,0
rut,7.495541943884256,NA,0,0
nils,8.125630988477065,0,0,1
harin,7.478734825567875,NA,0,0
axel,8.294049640102028,NA,0,0
per,8.623353387244627,NA,0,0
ebba,8.166216268592143,NA,1,0
ernst,8.704502289721232,NA,0,0
anders,8.735525185733225,NA,0,0
beda,7.8399193600125825,NA,0,0
axel,8.720950028930258,NA,0,0
tor,6.956545443151569,0,0,1
sten,6.721425700790643,NA,0,0
carl,8.692825760059396,0,0,1
agnes,8.125630988477065,1,1,1
thyra,7.824046010856292,NA,0,0
erik,8.677609912822142,NA,0,0
ture,8.667335849845957,NA,0,0
gustaf,8.716044050161402,NA,0,0
carl,8.694502206386648,NA,0,0
frans,8.213381737034572,NA,0,0
helny,8.560252680876685,1,0,1
elfrida,8.556413904569519,NA,0,0
lilly,7.90100705199242,NA,0,0
carl,8.299037181613066,NA,0,0
anna,8.311398278436641,NA,1,0
alma,7.313220387090301,NA,1,0
elis,9.210340371976184,NA,0,0
eva,7.605890001053122,NA,1,0
carl,8.006367567650246,NA,0,0
knut,8.006367567650246,NA,0,0
carl,7.843848638152472,NA,0,0
siri,7.478734825567875,NA,0,0
karl,8.746716349694486,NA,0,0
erland,8.567886305731756,0,0,1
ida,7.783224016336037,NA,1,0
axel,8.38022733634308,NA,0,0
carl,9.077951183930438,0,0,1
gustaf,8.221478947267192,NA,0,0
anton,7.705262474866325,0,0,1
johan,8.240121298076472,NA,0,0
otto,8.21878715560148,NA,0,0
judit,8.15478757276852,NA,0,0
karl,8.840724916761715,0,0,1
eugenia,7.600902459542082,NA,1,0
thure,9.210340371976184,NA,0,0
johan,8.751474487140904,NA,0,0
elsa,8.169053149927343,NA,1,0
elin,8.15478757276852,1,1,1
gustaf,8.405143687607614,NA,0,0
elsa,6.620073206530356,NA,1,0
elsa,7.27931883541462,NA,1,0
gerda,7.090076835776092,1,1,1
emil,8.268731832117737,NA,0,0
johan,8.577347114235984,0,0,1
johan,8.301521654940728,NA,0,0
otto,8.375629627094451,0,0,1
fredrik,8.597851094433691,NA,0,0
robert,8.006367567650246,NA,0,0
karl,7.383989457978509,NA,0,0
hilda,8.1886891244442,NA,1,0
johan,8.382518288089635,NA,0,0
ester,7.965545573129992,1,1,1
ida,7.965545573129992,NA,1,0
carolina,8.14902386805177,NA,0,0
johan,8.429454277108231,NA,0,0
joel,7.803843303538772,NA,0,0
bror,8.006367567650246,NA,0,0
klas,8.006367567650246,NA,0,0
elis,8.14902386805177,NA,0,0
sven,8.006367567650246,NA,0,0
sven,7.580699752224563,0,0,1
lotta,8.216088098632316,NA,0,0
svea,7.9157131993821155,NA,0,0
maria,8.684401110400144,NA,1,0
ragnhild,7.600902459542082,NA,0,0
edit,7.600902459542082,NA,1,0
ellen,7.333023014386481,NA,1,0
hildur,7.600902459542082,NA,1,0
hulda,8.411832675758411,1,1,1
johanna,7.154615356913663,NA,1,0
ruth,7.352441100243583,NA,0,0
agda,7.992944547318106,NA,0,0
ellen,8.160518247477505,NA,1,0
vesta,7.975908360165538,NA,0,0
ellen,7.673223121121708,NA,1,0
erika,7.600902459542082,NA,1,0
gustaf,8.333270353255308,NA,0,0
anna,7.640123172695364,1,1,1
gustaf,8.442469645220301,0,0,1
nils,7.912056888179006,NA,0,0
hjalmar,9.104979856318357,NA,0,0
karin,8.080237416216702,NA,1,0
anders,7.9157131993821155,NA,0,0
alfred,7.7706452341291765,NA,0,0
albin,10.102338411281293,NA,0,0
anna,7.313220387090301,NA,1,0
sofia,7.313220387090301,NA,1,0
astrid,7.580699752224563,NA,0,0
anna,7.52294091807237,NA,1,0
ernst,8.515191188745565,NA,0,0
elsa,7.8160138391590275,NA,1,0
johanna,7.61085279039525,NA,1,0
hally,7.313220387090301,NA,0,0
johan,8.32117830749028,NA,0,0
karl,8.503094267036737,NA,0,0
frans,8.266164436612492,NA,0,0
johanna,8.035926369891792,NA,1,0
frans,7.824046010856292,NA,0,0
bertil,7.649692623711514,NA,0,0
karl,8.299037181613066,NA,0,0
frans,8.39840965542627,NA,0,0
frans,8.918650278126863,NA,0,0
nils,7.313220387090301,NA,0,0
carl,8.125630988477065,NA,0,0
carl,8.286521373681236,NA,0,0
karl,8.294049640102028,NA,0,0
olga,6.907755278982137,NA,0,0
carl,8.767173396684006,NA,0,0
einar,6.551080335043404,NA,0,0
adolf,8.128585200374497,NA,0,0
karl,8.258422462458876,NA,0,0
carl,8.503094267036737,NA,0,0
karl,7.313220387090301,NA,0,0
anna,7.9996785794994505,NA,1,0
karl,7.313220387090301,NA,0,0
ilen,7.549609165154532,NA,0,0
olof,8.294049640102028,NA,0,0
johan,8.294049640102028,NA,0,0
hulda,7.495541943884256,NA,1,0
hjördis,8.268731832117737,NA,0,0
tyra,8.536995818712418,NA,1,0
jenny,8.389359819906353,NA,1,0
alma,8.006367567650246,NA,1,0
anna,7.272398392570047,NA,1,0
harald,8.948975607841776,NA,0,0
märta,8.022896869601457,NA,1,0
carl,7.495541943884256,NA,0,0
ragnar,10.085809109330082,NA,0,0
margareta,7.27931883541462,NA,1,0
bror,8.465899897028686,NA,0,0
karl,8.83927669058535,NA,0,0
teodolinda,5.598421958998375,NA,0,0
edvin,9.120415664448196,NA,0,0
ivar,8.294049640102028,NA,0,0
lovisa,7.580699752224563,NA,1,0
ingrid,8.435983135990694,NA,1,0
carl,9.130864170474386,NA,0,0
agda,7.705262474866325,NA,0,0
rosa,7.5745584842024805,NA,0,0
gulli,8.596743470174246,NA,0,0
judit,7.090076835776092,1,0,1
clary,7.787382026484701,NA,0,0
svea,7.222566018822171,NA,0,0
carl,9.3101857069459,NA,0,0
gustaf,8.948975607841776,NA,0,0
ingeborg,7.745002803515839,1,1,1
erik,8.586719254064848,NA,0,0
maria,7.501082124259871,NA,1,0
karl,8.674196940225903,NA,0,0
ester,7.600902459542082,NA,1,0
lilly,7.313220387090301,NA,0,0
edit,8.107720061910534,NA,1,0
jean,8.969541885423252,NA,0,0
olga,8.526945482858915,NA,0,0
gustaf,8.296546520300614,NA,0,0
oskar,8.719317375506371,NA,0,0
karl,8.952864141581468,NA,0,0
ingrid,8.847647355711887,NA,1,0
august,8.457443187010464,NA,0,0
lovisa,8.40290404501411,NA,1,0
john,8.199738960630786,0,0,1
augusta,7.824046010856292,1,1,1
frans,9.485696794737327,NA,0,0
johan,8.575462099540212,NA,0,0
signe,5.8289456176102075,NA,0,0
arvid,9.153770020487789,NA,0,0
maria,7.24422751560335,NA,1,0
olof,9.230142999272362,0,0,1
johan,8.472195825485501,NA,0,0
karl,8.160518247477505,NA,0,0
gunhild,8.163371316459912,NA,0,0
karl,8.577347114235984,NA,0,0
johan,8.558335134747413,NA,0,0
victor,8.083328608786376,NA,0,0
olof,8.446770727119691,0,0,1
judit,6.593044534142437,NA,0,0
einar,8.131530710604252,NA,0,0
svea,7.600902459542082,1,0,1
anna,7.783224016336037,NA,1,0
greta,7.2078598714324755,NA,1,0
ester,7.600902459542082,NA,1,0
helga,7.807916628926408,NA,0,0
axel,8.389359819906353,0,0,1
kristina,8.101677747454572,NA,1,0
josef,8.85366542803745,NA,0,0
gustaf,8.963160242833732,NA,0,0
tage,7.506591780070841,NA,0,0
ida,7.1308988302963465,NA,1,0
axel,8.749890955535259,NA,0,0
gurli,7.2078598714324755,NA,0,0
helga,7.9724660159745655,NA,0,0
carl,8.34283980427146,0,0,1
bror,9.747418366886238,NA,0,0
anna,7.944492163932159,NA,1,0
klas,8.66561319653451,NA,0,0
hilma,7.313220387090301,NA,1,0
john,8.806873266530692,NA,0,0
ebba,6.507277712385012,NA,1,0
johan,8.250620082174692,NA,0,0
martin,8.17188200612782,NA,0,0
johannes,8.699514748210191,NA,0,0
olof,9.844268192876157,NA,0,0
nanny,7.313220387090301,NA,1,0
maria,7.787382026484701,NA,1,0
elsa,7.495541943884256,NA,1,0
johan,8.388222810119277,0,0,1
hulda,8.06777619577889,NA,1,0
signe,7.146772179452637,NA,0,0
karl,8.422882511944996,NA,0,0
karl,8.560252680876685,NA,0,0
axel,8.125630988477065,NA,0,0
karl,7.982757702011113,0,0,1
johan,8.422882511944996,NA,0,0
tyra,7.762170607138205,NA,1,0
carl,8.21878715560148,NA,0,0
carl,8.221478947267192,NA,0,0
carl,7.948031990637284,NA,0,0
frans,8.253227645581772,NA,0,0
elsa,7.937374696163295,NA,1,0
albin,7.912056888179006,NA,0,0
carl,8.125630988477065,NA,0,0
gunnar,8.909235279192261,NA,0,0
ernst,7.286191714702382,NA,0,0
svea,7.272398392570047,NA,0,0
sven,7.958576903813898,NA,0,0
hedvig,8.180320874773685,NA,1,0
ernst,9.348361669873558,NA,0,0
selma,7.047517221357296,NA,1,0
amanda,8.496990484098719,NA,1,0
knut,8.39615486303918,NA,0,0
fredrik,7.948031990637284,NA,0,0
alma,6.152732694704104,NA,1,0
aurora,8.229511118964457,1,1,1
knut,8.411832675758411,0,0,1
johan,8.180320874773685,NA,0,0
helga,7.749322464660356,NA,0,0
karl,9.305650551780507,NA,0,0
elin,6.802394763324311,1,1,1
johanna,6.507277712385012,NA,1,0
johanna,7.9996785794994505,NA,1,0
signe,8.8023721336499,NA,0,0
johan,8.451053388911692,NA,0,0
elvira,7.828038032125829,NA,1,0
georg,8.34283980427146,NA,0,0
elfrida,8.224163512637862,NA,0,0
august,8.301521654940728,NA,0,0
arthur,7.937374696163295,NA,0,0
johan,7.495541943884256,NA,0,0
emma,7.3901814282264295,NA,1,0
sara,7.8632667240095735,NA,1,0
märta,7.882314918980268,NA,1,0
elof,8.294049640102028,NA,0,0
karl,8.333270353255308,NA,0,0
emil,7.1308988302963465,NA,0,0
sven,8.006367567650246,NA,0,0
sten,7.668561108015897,NA,0,0
john,8.784162222270476,NA,0,0
thomas,8.564076777315087,NA,0,0
emma,6.956545443151569,NA,1,0
anders,8.296546520300614,0,0,1
beda,7.783224016336037,NA,0,0
axel,8.04237800517328,NA,0,0
gustaf,8.143226750367445,NA,0,0
nils,8.1886891244442,NA,0,0
ivar,7.749322464660356,NA,0,0
inga,8.013012110368916,NA,0,0
augusta,7.064759027791802,NA,1,0
gertrud,7.346010209913293,NA,1,0
evald,8.37793112408273,NA,0,0
gustava,7.346010209913293,NA,1,0
johan,9.704731689278749,NA,0,0
sigrid,8.04237800517328,NA,1,0
constantia,7.22983877815125,NA,0,0
ingrid,7.989560449333865,NA,1,0
anders,7.495541943884256,NA,0,0
per,8.276394704863307,NA,0,0
inez,7.346010209913293,NA,0,0
gunnar,7.90100705199242,NA,0,0
hanna,8.335671314792847,NA,1,0
johannes,8.470101583882387,NA,0,0
adolf,7.982757702011113,NA,0,0
elsa,7.313220387090301,NA,1,0
gustaf,8.662158961666423,NA,0,0
lilly,7.783224016336037,NA,0,0
elias,7.7406644019172415,NA,0,0
lilly,8.113726085970747,NA,0,0
alma,8.183118079394745,NA,1,0
knut,8.440312147080279,NA,0,0
klas,8.349957272040324,NA,0,0
carl,8.507142855562735,0,0,1
sigrid,7.620705086838262,NA,1,0
axel,8.446770727119691,NA,0,0
karl,7.24422751560335,NA,0,0
gunnar,8.1886891244442,NA,0,0
sven,8.335671314792847,NA,0,0
anna,7.495541943884256,NA,1,0
hugo,8.294049640102028,NA,0,0
oscar,8.778017809698136,NA,0,0
oscar,7.897296472595885,0,0,1
alfred,8.166216268592143,NA,0,0
claes,8.202482446576537,0,0,1
charlotta,8.45531778769815,NA,1,0
oskar,8.294049640102028,NA,0,0
hilma,7.4673710669175595,NA,1,0
hulda,8.125630988477065,NA,1,0
erik,8.323608442343572,NA,0,0
axel,8.440312147080279,0,0,1
svea,7.358830898342354,NA,0,0
ester,7.313220387090301,NA,1,0
beata,7.24422751560335,NA,1,0
tyra,7.438383530044307,NA,1,0
otto,8.258422462458876,NA,0,0
maud,7.700747794511798,NA,0,0
per,8.294049640102028,NA,0,0
anna,8.268731832117737,1,1,1
inga,8.509161019718974,NA,0,0
maja,8.513185170018698,1,0,1
nils,8.707813551024888,NA,0,0
john,7.090076835776092,NA,0,0
john,8.1886891244442,NA,0,0
gustaf,8.366370301681654,NA,0,0
karl,8.768729817231666,NA,0,0
svea,7.600902459542082,NA,0,0
hanna,8.245384468120747,1,1,1
mattias,8.895629627136483,NA,0,0
linnéa,8.25582842728183,NA,0,0
erik,8.122668023346407,NA,0,0
frida,8.160518247477505,NA,1,0
karl,7.882314918980268,NA,0,0
adolf,8.318742252692399,NA,0,0
lilly,8.086410275323782,NA,0,0
petter,8.451053388911692,NA,0,0
august,8.330863613224745,NA,0,0
erik,8.440312147080279,NA,0,0
paulina,7.7406644019172415,NA,1,0
ebba,7.495541943884256,NA,1,0
karl,8.37793112408273,NA,0,0
ernst,8.27893600229198,NA,0,0
julia,7.2078598714324755,NA,1,0
ragnhild,7.090076835776092,NA,0,0
anna,7.600902459542082,1,1,1
carl,7.795646536334594,NA,0,0
carl,8.354674261918463,NA,0,0
ida,6.063785208687608,NA,1,0
carl,7.396335293800808,NA,0,0
per,8.411832675758411,NA,0,0
kristina,8.134467570277563,NA,1,0
adelaide,6.551080335043404,NA,0,0
carl,8.788745881938135,NA,0,0
gerda,7.757906208351747,1,1,1
johan,8.701180027529253,NA,0,0
ester,8.019612794400267,NA,1,0
helga,8.128585200374497,NA,0,0
knut,8.191463051326927,0,0,1
ingve,9.615805480084347,NA,0,0
frans,10.118598932153073,NA,0,0
lola,7.473069088032197,NA,0,0
knut,9.615805480084347,NA,0,0
gerda,7.313220387090301,NA,1,0
elvira,8.517193191416238,NA,1,0
gerda,7.313220387090301,NA,1,0
teodor,9.75846178048587,NA,0,0
jacob,8.58858318750291,NA,0,0
carl,8.837826364007704,NA,0,0
_,7.313220387090301,NA,0,0
carl,8.635864721133736,NA,0,0
emma,8.25582842728183,NA,1,0
arvid,8.14902386805177,NA,0,0
anna,8.070906088787819,NA,1,0
johan,8.326032685955079,NA,0,0
nils,8.070906088787819,0,0,1
elna,7.843848638152472,NA,0,0
august,8.400659375160286,NA,0,0
ester,7.3901814282264295,NA,1,0
ragnhild,8.177515823846075,NA,0,0
hjalmar,8.425077902508432,NA,0,0
sigrid,8.016317898503415,NA,1,0
sigrid,8.003028666384733,NA,1,0
karl,8.1886891244442,NA,0,0
signe,7.600902459542082,NA,0,0
alexander,8.778017809698136,NA,0,0
greta,8.1886891244442,NA,1,0
karin,8.101677747454572,NA,1,0
ester,7.313220387090301,NA,1,0
carl,8.294049640102028,NA,0,0
kristina,6.76849321164863,NA,1,0
carl,8.4096079807363,NA,0,0
karl,8.46168048148598,1,0,1
magnus,8.29154650988391,NA,0,0
oskar,8.32845106681936,NA,0,0
oskar,8.1886891244442,NA,0,0
anna,7.937374696163295,NA,1,0
agnes,7.630461261783627,NA,1,0
olga,7.313220387090301,NA,0,0
vera,8.140315540159985,NA,0,0
iris,8.0519780789023,NA,0,0
birger,8.199738960630786,NA,0,0
carl,7.333023014386481,NA,0,0
nils,8.1886891244442,NA,0,0
olof,8.281470857895167,NA,0,0
gustaf,8.706159290928861,NA,0,0
ruth,7.090076835776092,NA,0,0
sally,8.107720061910534,1,0,1
frans,8.330863613224745,NA,0,0
gustaf,8.58110651715989,NA,0,0
carl,8.335671314792847,NA,0,0
anna,7.682482446534506,1,1,1
elsa,7.22983877815125,NA,1,0
karl,8.268731832117737,NA,0,0
anna,7.958576903813898,NA,1,0
johanna,7.293017679772782,NA,1,0
alfred,8.39615486303918,NA,0,0
johanna,8.276394704863307,NA,1,0
carl,8.026170194946426,NA,0,0
bror,7.313220387090301,NA,0,0
thure,8.634086942887738,NA,0,0
hildur,8.196987927258897,NA,1,0
axel,7.975908360165538,NA,0,0
ferdinand,8.94767606249969,NA,0,0
john,8.240121298076472,NA,0,0
axel,8.476371196895983,NA,0,0
margit,8.134467570277563,NA,0,0
karin,8.202482446576537,NA,1,0
anna-lisa,8.086410275323782,NA,0,0
harry,8.174702882469461,0,0,1
aslög,7.9996785794994505,NA,0,0
harriet,8.006367567650246,NA,0,0
john,8.294049640102028,NA,0,0
johanna,7.313220387090301,NA,1,0
karl,8.474285690404962,NA,0,0
gerard,9.347490210123416,NA,0,0
emil,7.620705086838262,NA,0,0
adolf,8.311398278436641,0,0,1
anna,7.8399193600125825,NA,1,0
arvid,8.757783656334167,NA,0,0
karolina,8.226840890408578,NA,1,0
gösta,8.484669999710677,NA,0,0
ferdinand,7.170119543449628,NA,0,0
johan,8.511175119090675,NA,0,0
hedvig,8.400659375160286,NA,1,0
eva,8.006367567650246,NA,1,0
gfunnar,8.459564078579602,NA,0,0
david,7.668561108015897,NA,0,0
claes,8.006367567650246,NA,0,0
karl,9.41001056710475,NA,0,0
rut,7.313220387090301,NA,0,0
august,8.294049640102028,NA,0,0
tora,8.32845106681936,NA,1,0
helga,8.34283980427146,NA,0,0
enrico,7.90100705199242,NA,0,0
amina,7.644919344958857,NA,0,0
nils,7.855544677915663,NA,0,0
maria,8.35936910622267,NA,1,0
anna,7.313220387090301,NA,1,0
maja,7.787382026484701,NA,0,0
märta,7.313220387090301,NA,1,0
hilda,7.313220387090301,NA,1,0
alva,7.7664168980196555,NA,0,0
carl,8.669055540725484,NA,0,0
nils,8.87066300440602,NA,0,0
alvar,9.769384568012647,NA,0,0
johan,7.313220387090301,NA,0,0
oscar,10.299911915992144,NA,0,0
augusta,7.313220387090301,NA,1,0
brita,7.313220387090301,NA,1,0
nils,9.622450022803015,NA,0,0
emma,7.517520850603031,NA,1,0
carl,8.939843124278502,NA,0,0
helena,6.907755278982137,NA,1,0
annette,7.1853870155804165,NA,0,0
nils,5.298317366548036,0,0,1
anna,7.313220387090301,NA,1,0
ingeborg,7.313220387090301,NA,1,0
knut,7.919356190660617,NA,0,0
karl,8.53895468319775,NA,0,0
oscar,9.004545458996587,NA,0,0
selma,8.764053269347762,NA,1,0
emma,7.313220387090301,NA,1,0
hulda,8.27893600229198,NA,1,0
anders,8.476371196895983,NA,0,0
toni,6.937314081223682,NA,0,0
brita,8.180320874773685,NA,1,0
lilli,8.101677747454572,NA,0,0
carl,8.478452363099807,0,0,1
fritz,8.006367567650246,NA,0,0
vera,7.996317231796746,NA,0,0
anna,7.313220387090301,NA,1,0
anna,7.438383530044307,NA,1,0
axel,8.656955133791396,NA,0,0
paul,9.157993891603974,NA,0,0
fritz,8.357024439263416,NA,0,0
thyra,7.783224016336037,NA,0,0
ruth,7.495541943884256,NA,0,0
sven,8.294049640102028,NA,0,0
paulina,8.83200393125627,NA,1,0
anna,8.771835409789817,NA,1,0
artur,8.632305998516742,NA,0,0
julia,7.731930721948486,NA,1,0
märta,7.313220387090301,NA,1,0
anna,7.506591780070841,NA,1,0
ida,7.867105500316739,NA,1,0
johan,8.444622498581403,0,0,1
oscar,9.336973022909548,NA,0,0
edvin,10.01234195744821,0,0,1
anna,7.313220387090301,NA,1,0
johan,8.53895468319775,NA,0,0
anna,8.11969625295725,1,1,1
hildur,7.600902459542082,NA,1,0
gertrud,7.649692623711514,NA,1,0
sigrid,7.495541943884256,NA,1,0
hilda,7.313220387090301,NA,1,0
malvina,8.09559870137819,NA,1,0
john,10.337540117496205,NA,0,0
tyra,7.4673710669175595,NA,1,0
hilda,7.313220387090301,NA,1,0
nanny,7.313220387090301,NA,1,0
elin,7.783224016336037,NA,1,0
klara,8.586719254064848,NA,1,0
karl,8.546751993657782,NA,0,0
anna,7.313220387090301,NA,1,0
clare,8.006367567650246,NA,0,0
karin,8.446770727119691,NA,1,0
viola,8.782629654920699,NA,0,0
karl,8.691146498539675,NA,0,0
kerstin,8.039157390473237,NA,1,0
elfrida,7.346010209913293,NA,0,0
emma,7.383989457978509,NA,1,0
ernst,9.277999020449997,NA,0,0
johanna,7.313220387090301,NA,1,0
elin,7.313220387090301,NA,1,0
olov,7.600902459542082,NA,0,0
amalia,7.859413154693583,1,1,1
edla,7.2078598714324755,NA,1,0
lydia,7.517520850603031,NA,0,0
frida,7.272398392570047,NA,1,0
louisa,7.299797366758161,NA,0,0
elisabeth,7.272398392570047,NA,0,0
märta,7.313220387090301,NA,1,0
torsten,9.853771960290196,NA,0,0
ivar,9.804219550877459,NA,0,0
emma,7.313220387090301,1,1,1
alma,8.006367567650246,1,1,1
johan,8.699514748210191,NA,0,0
amanda,7.438383530044307,NA,1,0
carl,7.955074273262696,NA,0,0
anders,8.1886891244442,NA,0,0
john,9.522958929717996,NA,0,0
alice,7.313220387090301,NA,0,0
carl,8.558335134747413,NA,0,0
elin,7.313220387090301,NA,1,0
karl,7.832014180505469,NA,0,0
nadia,7.313220387090301,NA,0,0
lars,8.674196940225903,NA,0,0
svea,8.055157731819678,NA,0,0
anna,6.620073206530356,NA,1,0
ida,7.313220387090301,NA,1,0
carl,9.392661928770137,NA,0,0
jenny,9.94366934216896,NA,1,0
julia,6.1092475827643655,NA,1,0
harald,9.296518068217235,NA,0,0
nils,8.61974977974133,NA,0,0
martin,8.465899897028686,NA,0,0
gösta,8.515191188745565,NA,0,0
astrid,7.549609165154532,NA,0,0
johan,7.919356190660617,NA,0,0
johan,9.050171619823361,NA,0,0
erik,8.313852267398207,NA,0,0
anna,7.313220387090301,NA,1,0
märta,7.081708586105575,NA,1,0
elisabeth,8.101677747454572,NA,0,0
adolf,8.586719254064848,NA,0,0
maria,7.313220387090301,NA,1,0
viktor,8.160518247477505,NA,0,0
eric,8.213381737034572,NA,0,0
ulla,5.703782474656201,NA,0,0
erik,9.395989718862811,NA,0,0
hildor,8.970813341411448,NA,0,0
ida,8.501063809486354,NA,1,0
ivar,7.8399193600125825,NA,0,0
josua,8.425077902508432,NA,0,0
edith,7.600902459542082,NA,0,0
ingrid,8.422882511944996,NA,1,0
eric,8.089482474360754,NA,0,0
carl,9.594241302168507,NA,0,0
erik,9.047821442478408,NA,0,0
fritz,8.022896869601457,NA,0,0
herman,8.669055540725484,NA,0,0
ernst,8.696175846944678,NA,0,0
märta,7.313220387090301,NA,1,0
johan,7.986164860332727,NA,0,0
hjalmar,9.557469903071384,NA,0,0
johanna,7.313220387090301,NA,1,0
siri,7.258412150595307,1,0,1
harry,7.402451520818244,NA,0,0
rudolf,8.699514748210191,0,0,1
anna,7.138866999945524,NA,1,0
anna,7.313220387090301,NA,1,0
eva,8.029432840581244,NA,1,0
karolina,7.478734825567875,1,1,1
josefin,7.313220387090301,NA,0,0
herman,7.828038032125829,NA,0,0
eric,8.699514748210191,NA,0,0
per,9.42706335548747,NA,0,0
ester,8.649974302650056,NA,1,0
frida,7.122866658599083,NA,1,0
sven,8.815815203906352,NA,0,0
frans,8.732304571033183,NA,0,0
jenny,7.029972911706386,NA,1,0
knut,8.536995818712418,NA,0,0
maria,8.039157390473237,1,1,1
anna,7.600902459542082,NA,1,0
fritz,8.550627967502475,NA,0,0
john,8.429454277108231,NA,0,0
karl,8.333270353255308,NA,0,0
johannes,8.389359819906353,NA,0,0
gustav,8.784162222270476,NA,0,0
edward,7.783224016336037,NA,0,0
carl,8.183118079394745,NA,0,0
fredrik,10.145649109686099,NA,0,0
anna,7.313220387090301,NA,1,0
karin,7.313220387090301,NA,1,0
georg,8.582980931954241,NA,0,0
gustaf,8.006367567650246,NA,0,0
ruth,7.847762537473608,NA,0,0
ester,8.146129510025405,NA,1,0
robert,11.31824788596669,NA,0,0
hulda,7.495541943884256,NA,1,0
aima,7.222566018822171,NA,0,0
hildur,7.31986492980897,NA,1,0
christian,12.128813559983222,NA,0,0
viola,7.426549072397305,1,0,1
axel,9.665864679957084,NA,0,0
berndt,8.271292652979412,NA,0,0
frida,7.843848638152472,NA,1,0
hedvig,6.721425700790643,NA,1,0
ester,8.101677747454572,NA,1,0
alice,7.979338895262328,NA,0,0
carl,8.496990484098719,NA,0,0
erik,8.476371196895983,NA,0,0
georg,7.402451520818244,NA,0,0
helga,7.9157131993821155,NA,0,0
lars,7.170119543449628,NA,0,0
maria,8.517193191416238,NA,1,0
mauritz,8.8023721336499,NA,0,0
sven,8.294049640102028,NA,0,0
alfred,8.729073550451737,NA,0,0
ellen,6.907755278982137,NA,1,0
karl,8.21878715560148,NA,0,0
johan,8.699514748210191,NA,0,0
jenny,7.640123172695364,NA,1,0
nils,8.476371196895983,NA,0,0
märta,7.432483807917119,NA,1,0
signe,10.386839199301363,NA,0,0
anna,7.272398392570047,NA,1,0
elof,10.546656363289832,NA,0,0
anna,7.313220387090301,NA,1,0
anna,7.313220387090301,NA,1,0
guda,7.313220387090301,NA,0,0
beata,7.299797366758161,NA,1,0
carl,7.783224016336037,NA,0,0
karl,10.085809109330082,NA,0,0
ester,7.313220387090301,NA,1,0
helga,7.313220387090301,1,0,1
waldemar,7.982757702011113,NA,0,0
maria,7.5443321080536885,NA,1,0
anna,7.383989457978509,1,1,1
olof,8.699514748210191,NA,0,0
ida,7.313220387090301,NA,1,0
john,9.046644279305394,NA,0,0
carl,9.519294579703503,NA,0,0
elna,7.313220387090301,NA,0,0
anna,7.313220387090301,NA,1,0
adolf,9.911951630948257,NA,0,0
hilma,8.826147399143558,NA,1,0
olof,9.615805480084347,NA,0,0
ingrid,7.495541943884256,NA,1,0
sigrid,7.807916628926408,NA,1,0
maria,7.3901814282264295,NA,1,0
hedvig,6.214608098422191,NA,1,0
wiktor,8.006367567650246,NA,0,0
klara,7.495541943884256,NA,1,0
anna,7.832014180505469,NA,1,0
fritz,8.531096096585228,NA,0,0
elsa,7.61085279039525,NA,1,0
edla,7.495541943884256,1,1,1
marie,7.783224016336037,NA,1,0
karin,8.0925452638913,NA,1,0
johan,8.672486075822272,NA,0,0
olof,8.006367567650246,NA,0,0
knut,6.733401891837359,0,0,1
johan,8.268731832117737,NA,0,0
otto,8.294049640102028,NA,0,0
ture,8.677609912822142,NA,0,0
johan,8.98594603876032,NA,0,0
sigrid,7.3901814282264295,NA,1,0
ebba,7.313220387090301,NA,1,0
fredrik,8.748304912379623,NA,0,0
hilda,7.313220387090301,NA,1,0
jenny,9.265775078864284,NA,1,0
anna,7.326465613840322,NA,1,0
percy,8.692825760059396,NA,0,0
sture,9.552510629712033,NA,0,0
kristina,7.313220387090301,NA,1,0
katarina,6.697034247666484,NA,1,0
selma,7.090076835776092,1,1,1
paul,7.705262474866325,NA,0,0
ivar,10.182633293965623,NA,0,0
olga,7.371489295214277,1,0,1
ester,7.313220387090301,NA,1,0
edvard,7.762170607138205,NA,0,0
gustaf,7.495541943884256,NA,0,0
gustaf,8.366370301681654,NA,0,0
carl,8.699514748210191,NA,0,0
axel,8.294049640102028,NA,0,0
otto,10.026147565272016,NA,0,0
betty,7.313220387090301,NA,1,0
ester,7.414572881350589,NA,1,0
johan,8.560252680876685,NA,0,0
ernst,11.225243392518447,NA,0,0
ester,8.045588280803528,1,1,1
hedvig,8.565983355585669,NA,1,0
elin,7.6255950721324535,NA,1,0
berta,7.867105500316739,NA,1,0
carl,8.642944396721798,NA,0,0
carl,7.649692623711514,NA,0,0
anna,4.248495242049359,NA,1,0
eric,10.051045116893743,NA,0,0
edith,7.313220387090301,NA,0,0
adolf,10.285342795005159,NA,0,0
agda,7.313220387090301,1,0,1
carl,8.400659375160286,NA,0,0
erik,8.294049640102028,NA,0,0
hulda,8.003028666384733,NA,1,0
anna,8.128585200374497,NA,1,0
lilly,8.016317898503415,NA,0,0
ebba,8.122668023346407,NA,1,0
helge,11.652687407345388,NA,0,0
teodora,7.461640392208575,NA,0,0
hillvor,7.313220387090301,NA,0,0
eric,9.742144402127366,NA,0,0
vilma,7.402451520818244,NA,0,0
charlotta,7.251344983372214,NA,1,0
alma,9.148464968258095,NA,1,0
frida,7.313220387090301,NA,1,0
carl,10.606089891866828,NA,0,0
anna,7.313220387090301,NA,1,0
elsa,7.313220387090301,NA,1,0
steno,10.057066640464429,NA,0,0
elsa,7.371489295214277,NA,1,0
anna,7.293017679772782,NA,1,0
nils,10.246722584108158,NA,0,0
johanna,7.313220387090301,NA,1,0
ebba,7.313220387090301,NA,1,0
filip,9.079092085366229,NA,0,0
livia,7.346010209913293,1,0,1
johan,11.2708539037705,NA,0,0
karolina,7.313220387090301,NA,1,0
elsa,7.313220387090301,NA,1,0
ada,7.313220387090301,NA,0,0
georg,8.852235835227855,NA,0,0
augusta,7.791522819150732,NA,1,0
knut,8.478452363099807,NA,0,0
ernst,9.431081038674082,NA,0,0
hilda,7.371489295214277,NA,1,0
hilda,8.006367567650246,NA,1,0
karl,8.696175846944678,NA,0,0
rickard,8.354674261918463,NA,0,0
hilma,5.298317366548036,NA,1,0
knut,8.905172985183382,NA,0,0
amanda,3.912023005428146,NA,1,0
helga,7.3395376954076745,NA,0,0
gustaf,8.573573524852344,NA,0,0
otto,8.565983355585669,NA,0,0
olof,7.61085279039525,NA,0,0
folke,9.20833836930551,NA,0,0
johan,8.880446450715093,NA,0,0
knut,8.608860379942062,NA,0,0
nils,7.590852123688581,NA,0,0
sven,7.762170607138205,NA,0,0
alma,7.313220387090301,NA,1,0
jakob,8.66561319653451,NA,0,0
erik,7.828038032125829,NA,0,0
karl,7.600902459542082,NA,0,0
oskar,8.550627967502475,NA,0,0
gunnar,8.294049640102028,NA,0,0
gustaf,8.083328608786376,NA,0,0
axel,8.544808358449211,NA,0,0
frans,8.442469645220301,NA,0,0
dagmar,7.8632667240095735,NA,1,0
rolf,8.299037181613066,NA,0,0
johan,8.448914350662942,NA,0,0
elsa,8.4096079807363,NA,1,0
johan,8.632305998516742,NA,0,0
hilma,7.02108396428914,1,1,1
fridolf,8.767173396684006,NA,0,0
elin,5.768320995793772,NA,1,0
agnes,7.22983877815125,NA,1,0
iris,5.991464547107982,NA,0,0
konrad,8.29154650988391,NA,0,0
olga,8.174702882469461,1,0,1
erik,8.922658299524402,NA,0,0
johanna,6.646390514847729,NA,1,0
frans,8.318742252692399,NA,0,0
johan,8.25582842728183,NA,0,0
johan,8.316300249036848,NA,0,0
erik,7.8632667240095735,NA,0,0
carl,8.389359819906353,NA,0,0
hilda,7.313220387090301,1,1,1
august,8.373322820996535,NA,0,0
matilda,6.927557906278317,NA,1,0
anders,8.316300249036848,0,0,1
ester,6.907755278982137,NA,1,0
johanna,9.51044496442652,NA,1,0
karl,8.006367567650246,0,0,1
konrad,7.24422751560335,NA,0,0
oscar,8.496990484098719,NA,0,0
clara,7.67786350067821,NA,0,0
holger,8.03268487596762,NA,0,0
david,8.672486075822272,NA,0,0
johan,8.527143522269405,NA,0,0
karl,7.682482446534506,NA,0,0
rut,7.455876687491824,NA,0,0
gunnar,8.03268487596762,NA,0,0
hanna,8.006367567650246,NA,1,0
gunhilda,8.006367567650246,NA,0,0
johan,8.515191188745565,NA,0,0
ernst,8.29154650988391,NA,0,0
rut,7.560080465021827,NA,0,0
gustaf,7.501082124259871,NA,0,0
carl,8.484669999710677,NA,0,0
karl,8.194229304819817,NA,0,0
anna,6.606650186198215,NA,1,0
karl,7.346010209913293,NA,0,0
angusia,7.3777589082278725,NA,0,0
knut,8.569785641535407,0,0,1
nils,8.482601746646619,NA,0,0
petrus,8.294049640102028,0,0,1
erik,8.234830280442056,NA,0,0
ester,7.600902459542082,NA,1,0
johan,7.222566018822171,NA,0,0
erik,8.283999304248526,NA,0,0
rut,8.29154650988391,NA,0,0
johan,8.330863613224745,NA,0,0
anna,7.824046010856292,NA,1,0
klara,7.313220387090301,NA,1,0
eric,8.15478757276852,0,0,1
eric,8.978408314628894,NA,0,0
lilly,8.29154650988391,NA,0,0
edla,8.648221453822641,NA,1,0
jeanna,8.451053388911692,NA,0,0
karl,8.34283980427146,NA,0,0
alfred,8.655214489313613,NA,0,0
nils,8.15478757276852,NA,0,0
karl,7.799753318287247,NA,0,0
anna,7.313220387090301,NA,1,0
johan,8.294049640102028,NA,0,0
rosa,7.6544432264701125,NA,0,0
erik,8.649974302650056,NA,0,0
hildur,6.327936783729195,NA,1,0
janne,8.318742252692399,NA,0,0
fred,7.333023014386481,NA,0,0
hilda,7.414572881350589,NA,1,0
albin,8.517193191416238,0,0,1
elsa,7.090076835776092,NA,1,0
gustaf,8.52912176228151,NA,0,0
frans,8.006367567650246,NA,0,0
hilda,7.3901814282264295,NA,1,0
johan,8.276394704863307,NA,0,0
gustaf,8.601534339849989,NA,0,0
ernst,9.36134324551271,NA,0,0
hermina,7.549609165154532,NA,0,0
einar,7.762170607138205,NA,0,0
maria,4.382026634673881,NA,1,0
ragnar,8.29154650988391,NA,0,0
carl,8.984693690443855,NA,0,0
elise,6.272877006546167,NA,1,0
adolf,9.490242257109001,NA,0,0
karin,7.313220387090301,NA,1,0
ester,7.313220387090301,1,1,1
august,8.677609912822142,NA,0,0
johan,8.25582842728183,NA,0,0
robert,7.162397497355718,NA,0,0
jöns,8.387084506069217,NA,0,0
agnes,8.224163512637862,1,1,1
karl,7.745002803515839,NA,0,0
karl,8.14902386805177,NA,0,0
carl,8.56216655705897,NA,0,0
per,8.881836305004146,NA,0,0
anna,7.832014180505469,NA,1,0
anna,7.9229859587111955,1,1,1
hilma,8.21878715560148,NA,1,0
carl,10.192793306104006,NA,0,0
ingeborg,7.313220387090301,NA,1,0
emanuel,8.799360083179907,NA,0,0
anna,8.8023721336499,NA,1,0
oskar,8.56216655705897,NA,0,0
olga,8.422882511944996,NA,0,0
ernst,8.612503371220562,NA,0,0
gerda,5.393627546352362,NA,1,0
lydia,8.29154650988391,NA,0,0
gustaf,10.346248445387989,NA,0,0
alice,7.313220387090301,NA,0,0
victor,11.339286108559108,NA,0,0
mathilda,7.313220387090301,NA,0,0
nils,9.757883578677337,NA,0,0
carl,8.266164436612492,NA,0,0
carl,7.979338895262328,0,0,1
karl,9.443830215344537,NA,0,0
erik,8.612503371220562,NA,0,0
karl,7.7406644019172415,NA,0,0
tyra,7.326465613840322,NA,1,0
jules,9.558882332684727,NA,0,0
sigrid,7.313220387090301,NA,1,0
hulda,7.600902459542082,NA,1,0
signe,7.600902459542082,NA,0,0
schmuel,8.662158961666423,NA,0,0
annie,5.703782474656201,NA,1,0
john,7.090076835776092,0,0,1
hanna,8.294049640102028,NA,1,0
ernst,8.003028666384733,0,0,1
sven,9.104979856318357,NA,0,0
carl,8.987196820661973,0,0,1
carl,7.605890001053122,NA,0,0
elin,8.366370301681654,NA,1,0
sigrid,9.118225083068378,NA,1,0
helga,7.313220387090301,NA,0,0
alfhild,8.216088098632316,NA,0,0
klara,7.495541943884256,NA,1,0
nils,7.600902459542082,NA,0,0
vilhelmina,7.824046010856292,NA,0,0
marie,8.40290404501411,NA,1,0
hillevi,8.299037181613066,NA,0,0
johan,8.482601746646619,NA,0,0
karin,6.721425700790643,NA,1,0
helga,6.975413927455952,NA,0,0
herman,7.600902459542082,0,0,1
karl,7.1853870155804165,NA,0,0
karl,8.586719254064848,NA,0,0
eric,8.393894975071744,NA,0,0
harry,7.170119543449628,NA,0,0
ernst,8.451053388911692,0,0,1
knut,7.003065458786462,NA,0,0
karl,8.250620082174692,NA,0,0
karl,7.908387159290043,NA,0,0
sven,7.649692623711514,NA,0,0
berta,7.222566018822171,NA,1,0
carl,9.752664662801545,NA,0,0
anna,7.313220387090301,NA,1,0
sigfrid,10.367221568768269,NA,0,0
edit,7.313220387090301,NA,1,0
ernst,8.837826364007704,NA,0,0
erik,8.910585718290132,NA,0,0
edla,7.3777589082278725,NA,1,0
gustaf,8.501063809486354,NA,0,0
gunhild,8.484669999710677,NA,0,0
maria,7.090076835776092,NA,1,0
axel,6.684611727667927,NA,0,0
elisa,7.757906208351747,NA,0,0
edit,8.013012110368916,NA,1,0
carl,8.68946441235669,NA,0,0
johanna,7.696212639346407,NA,1,0
jenny,7.3901814282264295,NA,1,0
johan,7.847762537473608,NA,0,0
karl,7.691656822810547,NA,0,0
erik,6.214608098422191,NA,0,0
svea,7.114769448366463,NA,0,0
arvid,8.245384468120747,NA,0,0
hilda,6.380122536899765,NA,1,0
thyra,7.803843303538772,NA,0,0
wiktoria,7.930206206684683,NA,0,0
charles,8.373322820996535,NA,0,0
gustav,8.740336742730447,NA,0,0
carl,8.38022733634308,NA,0,0
bror,8.540909718033554,NA,0,0
hilma,7.731930721948486,NA,1,0
carl,8.058327306580958,NA,0,0
alva,7.52294091807237,1,0,1
linnea,7.77485576666552,1,0,1
albertina,7.402451520818244,NA,1,0
hanna,7.313220387090301,NA,1,0
johanna,6.907755278982137,1,1,1
emma,7.154615356913663,NA,1,0
gustaf,8.382518288089635,NA,0,0
per,8.422882511944996,NA,0,0
anders,8.140315540159985,NA,0,0
martin,8.623353387244627,0,0,1
gustav,9.027618735160889,NA,0,0
ester,7.081708586105575,NA,1,0
gustaf,10.466810745259872,0,0,1
gerda,7.3777589082278725,NA,1,0
nils,9.499271663828395,NA,0,0
gerda,7.313220387090301,NA,1,0
erik,10.427328113379613,NA,0,0
maria,7.3777589082278725,NA,1,0
hedvig,7.313220387090301,NA,1,0
frida,7.3395376954076745,NA,1,0
abraham,7.824046010856292,NA,0,0
ester,8.006367567650246,NA,1,0
signe,7.77485576666552,NA,0,0
aron,7.897296472595885,NA,0,0
petrus,8.387084506069217,NA,0,0
edvin,8.354674261918463,0,0,1
august,8.202482446576537,NA,0,0
gösta,7.52294091807237,NA,0,0
paul,7.090076835776092,NA,0,0
per,8.411832675758411,NA,0,0
ester,7.313220387090301,NA,1,0
elin,7.313220387090301,NA,1,0
margareta,7.313220387090301,NA,1,0
elsa,7.495541943884256,NA,1,0
hans,7.940939762327791,0,0,1
lars,7.682482446534506,NA,0,0
axel,8.326032685955079,NA,0,0
alfred,8.294049640102028,0,0,1
ernst,8.294049640102028,NA,0,0
hilda,7.783224016336037,NA,1,0
johan,8.294049640102028,NA,0,0
gustaf,8.476371196895983,NA,0,0
karl,7.1853870155804165,NA,0,0
naimi,8.086410275323782,NA,0,0
sten,7.937374696163295,NA,0,0
georg,8.440312147080279,NA,0,0
anna,7.7406644019172415,1,1,1
johan,8.429454277108231,0,0,1
august,8.237479288613633,NA,0,0
elsa,7.843848638152472,NA,1,0
carl,7.843848638152472,NA,0,0
jonas,8.07402621612406,NA,0,0
albert,8.006367567650246,NA,0,0
axel,8.003028666384733,NA,0,0
hanna,6.461468176353717,NA,1,0
hedvig,6.684611727667927,NA,1,0
nils,8.29154650988391,NA,0,0
augusta,7.3395376954076745,NA,1,0
karl,8.768729817231666,NA,0,0
karl,9.552510629712033,NA,0,0
karl,8.289037098278483,NA,0,0
anna,6.907755278982137,NA,1,0
nelly,6.684611727667927,1,0,1
hugo,8.448914350662942,NA,0,0
fredrik,8.438149984075784,NA,0,0
johanna,7.975908360165538,NA,1,0
karl,8.722580021141189,NA,0,0
erik,7.824046010856292,NA,0,0
hilmer,8.881836305004146,NA,0,0
eleonora,7.512071245835466,NA,1,0
karin,6.907755278982137,1,1,1
hilmer,8.692825760059396,NA,0,0
rut,8.006367567650246,NA,0,0
anna,7.783224016336037,NA,1,0
john,8.271292652979412,NA,0,0
georg,8.0925452638913,NA,0,0
beda,7.352441100243583,NA,0,0
ernst,8.470101583882387,NA,0,0
agnes,7.346010209913293,NA,1,0
selma,8.086410275323782,NA,1,0
vilhelm,8.457443187010464,0,0,1
elin,6.345636360828596,NA,1,0
karl,8.616133139271142,NA,0,0
ida,7.313220387090301,NA,1,0
hugo,8.85366542803745,NA,0,0
ingeborg,7.455876687491824,NA,1,0
elna,7.02108396428914,NA,0,0
carl,8.1886891244442,NA,0,0
karl,8.724207360800564,NA,0,0
john,8.679312040892672,NA,0,0
herman,8.88599431515281,NA,0,0
karl,7.371489295214277,NA,0,0
sten,8.400659375160286,NA,0,0
tor,7.886081401775745,NA,0,0
olof,8.258422462458876,NA,0,0
elin,7.306531398939505,NA,1,0
gustaf,8.006367567650246,NA,0,0
axel,8.116715624819111,NA,0,0
ebba,8.433811582477187,NA,1,0
anders,8.951569643018821,NA,0,0
ludvig,8.368693183097793,NA,0,0
maria,8.1886891244442,NA,1,0
anna,7.313220387090301,0,1,1
lars,8.25582842728183,NA,0,0
karl,9.604407435131979,NA,0,0
august,7.635303886259415,NA,0,0
arvid,8.422882511944996,NA,0,0
ernst,7.7406644019172415,NA,0,0
karl,8.57922858233569,NA,0,0
fritz,8.202482446576537,0,0,1
knut,8.459564078579602,NA,0,0
anna,7.937374696163295,NA,1,0
maria,8.146129510025405,NA,1,0
karl,8.651724084373843,NA,0,0
maria,7.549609165154532,NA,1,0
sigurd,8.446770727119691,NA,1,0
erik,8.294049640102028,NA,0,0
gösta,7.5443321080536885,NA,0,0
frans,8.196987927258897,NA,0,0
knut,8.318742252692399,0,0,1
edit,7.313220387090301,1,1,1
gustaf,8.400659375160286,NA,0,0
erik,8.446770727119691,NA,0,0
sven,8.517193191416238,NA,0,0
georgina,8.221478947267192,NA,1,0
thyra,7.982757702011113,NA,0,0
gerda,7.955074273262696,NA,1,0
ernst,8.670772279344538,NA,0,0
efraim,8.68609172787805,NA,0,0
per,8.517193191416238,NA,0,0
folke,9.615805480084347,NA,0,0
hilda,7.904703913873747,NA,1,0
august,8.457443187010464,NA,0,0
götilda,7.6638772587034705,NA,1,0
nils,7.3395376954076745,NA,0,0
anna,7.029972911706386,NA,1,0
erik,8.817297783866575,NA,0,0
carl,8.366370301681654,NA,0,0
johan,8.306472160100585,NA,0,0
otto,8.160518247477505,NA,0,0
sally,7.528331766707247,NA,0,0
gustaf,8.371010681238156,NA,0,0
amanda,8.04237800517328,1,1,1
karl,7.265429723253953,NA,0,0
anna,8.224163512637862,NA,1,0
nils,8.294049640102028,NA,0,0
brita,10.095759440183251,1,1,1
elin,7.313220387090301,NA,1,0
karl,8.393894975071744,NA,0,0
nils,7.146772179452637,NA,0,0
siv,6.887552571664617,NA,0,0
emelia,6.633318433280377,NA,1,0
karl,8.451053388911692,NA,0,0
frans,8.411832675758411,NA,0,0
carl,8.411832675758411,NA,0,0
gustaf,8.964439833539357,NA,0,0
ester,8.04237800517328,NA,1,0
hulda,7.696212639346407,NA,1,0
elin,7.600902459542082,NA,1,0
adeli,7.600902459542082,NA,0,0
maria,7.600902459542082,NA,1,0
klara,7.600902459542082,NA,1,0
ottilia,7.600902459542082,NA,0,0
josefin,7.803843303538772,NA,0,0
johan,8.40290404501411,NA,0,0
stina,7.495541943884256,NA,1,0
gustaf,8.39840965542627,NA,0,0
charlotta,8.517193191416238,NA,1,0
ester,8.006367567650246,NA,1,0
karl,8.294049640102028,NA,0,0
karl,7.8632667240095735,NA,0,0
karl,7.824046010856292,NA,0,0
viktor,8.263590432617319,NA,0,0
vanja,7.313220387090301,NA,0,0
lars,7.992944547318106,NA,0,0
frans,8.809862805379057,NA,0,0
axel,8.294049640102028,NA,0,0
helge,8.294049640102028,NA,0,0
sigrid,7.495541943884256,NA,1,0
brita,8.03268487596762,1,1,1
emma,7.7406644019172415,NA,1,0
sven,7.783224016336037,NA,0,0
ivar,8.250620082174692,NA,0,0
axel,7.783224016336037,NA,0,0
ester,7.859413154693583,NA,1,0
nils,8.444622498581403,NA,0,0
sven,8.616133139271142,NA,0,0
emma,7.7142311448490855,NA,1,0
erik,8.352318548226004,NA,0,0
helga,7.365180126021013,NA,0,0
albert,7.779048644925556,0,0,1
karl,8.213381737034572,NA,0,0
signe,7.495541943884256,NA,0,0
carl,7.600902459542082,NA,0,0
vera,6.824373670043086,1,0,1
edit,7.501082124259871,NA,1,0
ernst,9.291920358968605,NA,0,0
karl,8.207946941048617,NA,0,0
axel,8.245384468120747,NA,0,0
johan,8.207946941048617,NA,0,0
carl,8.80537513890967,NA,0,0
martin,8.707813551024888,NA,0,0
alfhild,7.299797366758161,NA,0,0
nils,8.40737832540903,NA,0,0
johan,5.991464547107982,NA,0,0
gustaf,8.517193191416238,NA,0,0
erik,8.672486075822272,NA,0,0
anna,5.480638923341991,NA,1,0
ernst,8.294049640102028,NA,0,0
erik,8.006367567650246,NA,0,0
selma,7.560080465021827,NA,1,0
sigrid,7.867105500316739,NA,1,0
viktor,8.400659375160286,NA,0,0
anna,7.886081401775745,NA,1,0
josef,9.008224187854049,NA,0,0
frans,8.160518247477505,NA,0,0
olof,8.612503371220562,NA,0,0
tage,6.984716320118266,NA,0,0
arvid,8.160518247477505,NA,0,0
signe,8.055157731819678,NA,0,0
anna,7.783224016336037,NA,1,0
fanny,8.480529207044645,NA,0,0
per,7.787382026484701,NA,0,0
gurli,7.600902459542082,NA,0,0
algot,8.11969625295725,NA,0,0
berta,8.013012110368916,NA,1,0
anna,8.048788283534199,NA,1,0
johan,8.089482474360754,NA,0,0
nils,8.045588280803528,NA,0,0
jan,8.965717788984849,NA,0,0
karl,8.347590407030058,NA,0,0
alma,8.006367567650246,NA,1,0
erika,6.659293919683638,NA,1,0
carl,7.897296472595885,NA,0,0
jenny,8.006367567650246,NA,1,0
aino,8.006367567650246,NA,0,0
adolf,8.501063809486354,NA,0,0
augusta,7.5443321080536885,NA,1,0
karl,9.033603193476129,0,0,1
tyra,7.791522819150732,NA,1,0
august,8.25582842728183,NA,0,0
leonard,8.517193191416238,0,0,1
nils,8.368693183097793,0,0,1
david,7.495541943884256,NA,0,0
carl,8.294049640102028,NA,0,0
bernt,8.15478757276852,NA,0,0
karl,8.492900498847193,NA,0,0
hildur,7.986164860332727,NA,1,0
karl,8.294049640102028,NA,0,0
erik,8.160518247477505,NA,0,0
ingeborg,7.7706452341291765,NA,1,0
sven,7.3777589082278725,0,0,1
conny,7.408530566894626,0,0,1
karl,8.639410824140487,0,0,1
sven,8.261009786023827,NA,0,0
kristina,6.396929655216146,NA,1,0
olga,7.600902459542082,1,0,1
hans,7.600902459542082,NA,0,0
axel,8.517193191416238,NA,0,0
arvid,8.517193191416238,NA,0,0
edit,8.048788283534199,NA,1,0
johan,8.294049640102028,NA,0,0
frans,8.313852267398207,NA,0,0
elin,7.299797366758161,NA,1,0
bror,8.263590432617319,NA,0,0
august,8.697846691109495,NA,0,0
anna,7.855544677915663,NA,1,0
gustaf,8.92399074475818,NA,0,0
jonas,8.27893600229198,NA,0,0
adolf,8.306472160100585,NA,0,0
judit,6.975413927455952,NA,0,0
sigurd,8.521185212685776,NA,1,0
karl,8.612503371220562,NA,0,0
ernst,8.630521876723241,NA,0,0
gustaf,7.600902459542082,NA,0,0
nils,7.600902459542082,NA,0,0
sven,7.828038032125829,NA,0,0
nils,7.649692623711514,NA,0,0
ella,7.600902459542082,NA,0,0
axel,8.632305998516742,NA,0,0
per,8.88599431515281,NA,0,0
claes,8.016317898503415,NA,0,0
karl,8.271292652979412,NA,0,0
gertrud,8.4096079807363,NA,1,0
carl,8.956737613177264,NA,0,0
karl,8.656955133791396,NA,0,0
sven,8.533066540572527,NA,0,0
adina,5.634789603169249,1,0,1
selma,7.313220387090301,NA,1,0
august,8.511175119090675,NA,0,0
ida,7.600902459542082,NA,1,0
johan,6.907755278982137,NA,0,0
jankel,8.294049640102028,NA,0,0
ellen,7.22983877815125,NA,1,0
erik,8.438149984075784,NA,0,0
august,8.006367567650246,NA,0,0
elsa,7.8632667240095735,NA,1,0
karl,8.39615486303918,NA,0,0
gustaf,8.61431990214696,NA,0,0
fanny,7.803843303538772,NA,0,0
karl,7.047517221357296,NA,0,0
valborg,7.495541943884256,1,0,1
johan,7.986164860332727,NA,0,0
emil,8.68270762989381,0,0,1
viktor,8.480529207044645,NA,0,0
göta,8.026170194946426,NA,0,0
erik,8.318742252692399,NA,0,0
erik,8.517193191416238,NA,0,0
nils,7.7406644019172415,NA,0,0
sven,7.795646536334594,0,0,1
per,8.634086942887738,NA,0,0
knut,8.681011276645632,NA,0,0
ernst,8.533066540572527,NA,0,0
arvid,8.641179171197228,NA,0,0
asta,8.022896869601457,1,0,1
erland,8.055157731819678,NA,0,0
harry,7.495541943884256,NA,0,0
greta,7.495541943884256,NA,1,0
karl,8.58110651715989,NA,0,0
matilda,7.154615356913663,NA,1,0
elna,7.07326971745971,NA,0,0
axel,8.435983135990694,0,0,1
anna,7.495541943884256,NA,1,0
john,8.294049640102028,0,0,1
carl,8.492900498847193,NA,0,0
ellen,7.1853870155804165,NA,1,0
nils,8.517193191416238,NA,0,0
johan,8.207946941048617,NA,0,0
karl,8.221478947267192,NA,0,0
mary,7.450079569807499,NA,0,0
axel,8.630521876723241,NA,0,0
axel,8.411832675758411,NA,0,0
alma,8.006367567650246,NA,1,0
elna,7.495541943884256,NA,0,0
ernst,8.513185170018698,NA,0,0
beda,8.089482474360754,NA,0,0
hugo,7.90100705199242,NA,0,0
johan,8.482601746646619,NA,0,0
sven,9.230142999272362,NA,0,0
nils,8.294049640102028,NA,0,0
carl,9.084777149000837,NA,0,0
lovisa,7.644919344958857,NA,1,0
gustaf,7.958576903813898,NA,0,0
helena,8.055157731819678,NA,1,0
rut,7.313220387090301,NA,0,0
lisa,7.3777589082278725,NA,1,0
karl,8.737131611781498,NA,0,0
stina,8.131530710604252,1,1,1
erik,8.45531778769815,0,0,1
karl,9.020389788017736,NA,0,0
john,8.006367567650246,NA,0,0
frans,8.922658299524402,NA,0,0
hilda,8.87346805533363,NA,1,0
ingeborg,8.706159290928861,NA,1,0
oskar,8.45531778769815,NA,0,0
frida,8.21878715560148,1,1,1
signe,7.649692623711514,NA,0,0
emma,8.425077902508432,NA,1,0
arthur,8.94767606249969,NA,0,0
johan,9.20432229965062,NA,0,0
berta,7.313220387090301,NA,1,0
olga,8.113726085970747,NA,0,0
julius,8.754634047431272,NA,0,0
sonja,7.313220387090301,NA,0,0
helena,7.937374696163295,NA,1,0
frida,7.700747794511798,NA,1,0
ester,8.347590407030058,NA,1,0
christian,7.620705086838262,NA,0,0
anna,7.02108396428914,NA,1,0
adelheid,9.151651375627504,NA,0,0
johan,8.210668031162976,NA,0,0
gilles,8.32117830749028,NA,0,0
johan,8.814330422638774,NA,0,0
signe,7.484368643286131,NA,0,0
annie,8.660427359502146,NA,1,0
carl,8.515191188745565,NA,0,0
anders,7.644919344958857,0,0,1
oskar,8.809862805379057,NA,0,0
anders,7.600902459542082,NA,0,0
gertrud,7.762170607138205,NA,1,0
mildor,7.828038032125829,NA,0,0
karl,8.364042011922063,NA,0,0
karl,7.313220387090301,NA,0,0
gunhild,7.170119543449628,1,0,1
august,8.323608442343572,NA,0,0
nils,8.411832675758411,NA,0,0
margareta,8.006367567650246,NA,1,0
gustaf,8.649974302650056,NA,0,0
hildur,7.659171367666058,NA,1,0
anna,8.199738960630786,NA,1,0
oskar,8.294049640102028,NA,0,0
johan,8.210668031162976,NA,0,0
oskar,8.1886891244442,NA,0,0
karl,8.540909718033554,NA,0,0
ernst,8.751474487140904,NA,0,0
amanda,7.803843303538772,NA,1,0
otto,8.536995818712418,NA,0,0
jonas,8.465899897028686,NA,0,0
karl,8.006367567650246,NA,0,0
sigfrid,8.670772279344538,NA,0,0
signe,6.684611727667927,NA,0,0
carl,8.517193191416238,0,0,1
herman,7.4673710669175595,0,0,1
anna,6.214608098422191,NA,1,0
bror,8.741935464094144,NA,0,0
erik,7.600902459542082,NA,0,0
axel,8.607033895416027,NA,0,0
carl,8.584851839890053,NA,0,0
ernst,7.9229859587111955,0,0,1
axel,8.40737832540903,0,0,1
johan,8.677609912822142,NA,0,0
anna,8.183118079394745,NA,1,0
hilding,7.600902459542082,NA,0,0
carl,8.651724084373843,NA,0,0
jules,7.313220387090301,NA,0,0
jenny,8.064636475774222,NA,1,0
johan,8.494947582468917,NA,0,0
karl,8.1886891244442,NA,0,0
elsa,7.3777589082278725,NA,1,0
margareta,7.912056888179006,NA,1,0
augusta,5.560681631015528,NA,1,0
martin,8.586719254064848,NA,0,0
clas,8.465899897028686,NA,0,0
ida,7.605890001053122,NA,1,0
karl,8.375629627094451,NA,0,0
sven,7.122866658599083,NA,0,0
eva,7.855544677915663,NA,1,0
artur,8.400659375160286,0,0,1
sven,8.699514748210191,NA,0,0
karl,8.517193191416238,NA,0,0
gustaf,8.11969625295725,NA,0,0
judith,6.946975992135418,NA,0,0
edit,8.101677747454572,NA,1,0
augusta,7.727535110475448,NA,1,0
emil,8.605204068738951,NA,0,0
august,8.68777949199177,NA,0,0
märta,7.996317231796746,NA,1,0
johan,8.361708288575842,NA,0,0
elof,8.1886891244442,NA,0,0
anna,6.907755278982137,NA,1,0
erik,8.245384468120747,NA,0,0
karl,8.40290404501411,0,0,1
karl,8.442469645220301,NA,0,0
agnes,8.006367567650246,NA,1,0
elsa,7.4205789054108005,1,1,1
karl,8.294049640102028,NA,0,0
johan,8.035926369891792,NA,0,0
bernhard,7.989560449333865,NA,0,0
algot,8.294049640102028,NA,0,0
ture,8.166216268592143,NA,0,0
sally,7.222566018822171,NA,0,0
carl,8.672486075822272,0,0,1
anna,7.600902459542082,NA,1,0
elsa,7.495541943884256,NA,1,0
ebba,7.600902459542082,NA,1,0
augusta,8.006367567650246,NA,1,0
karl,8.32117830749028,NA,0,0
olga,7.313220387090301,NA,0,0
karl,8.191463051326927,NA,0,0
johan,8.691146498539675,NA,0,0
carl,8.294049640102028,NA,0,0
johanna,6.907755278982137,NA,1,0
hulda,7.3777589082278725,NA,1,0
emil,8.459564078579602,NA,0,0
helga,7.600902459542082,NA,0,0
hildur,7.495541943884256,NA,1,0
signe,7.495541943884256,NA,0,0
sven,8.294049640102028,NA,0,0
johan,8.584851839890053,NA,0,0
erik,8.994668835500674,0,0,1
ellen,8.157657015196472,NA,1,0
iris,8.070906088787819,NA,0,0
mattias,8.226840890408578,0,0,1
sven,8.592300663903043,NA,0,0
evert,8.575462099540212,NA,0,0
knut,8.575462099540212,NA,0,0
karl,8.237479288613633,NA,0,0
hulda,7.955074273262696,NA,1,0
karl,7.762170607138205,NA,0,0
auroracecilia,6.476972362889683,NA,0,0
saga,7.8160138391590275,NA,0,0
ludvig,8.37793112408273,NA,0,0
karl,8.901094121608562,NA,0,0
adolf,8.476371196895983,NA,0,0
johan,8.554488976159934,NA,0,0
lars,7.495541943884256,NA,0,0
amanda,8.160518247477505,NA,1,0
per,8.699514748210191,NA,0,0
ida,7.696212639346407,NA,1,0
erik,7.3777589082278725,0,0,1
henrik,8.584851839890053,NA,0,0
eric,8.294049640102028,NA,0,0
carl,8.628734566149145,NA,0,0
anna,7.600902459542082,NA,1,0
thure,8.468002947225466,NA,0,0
per,8.294049640102028,NA,0,0
carl,9.045465728785949,NA,0,0
johanna,7.528331766707247,NA,1,0
olivia,7.926602599181384,NA,1,0
johan,8.294049640102028,NA,0,0
karl,8.701180027529253,NA,0,0
ragnhild,7.649692623711514,NA,0,0
anna,8.006367567650246,NA,1,0
alma,7.600902459542082,NA,1,0
kallman,8.318742252692399,NA,0,0
bror,8.086410275323782,NA,0,0
elsa,7.495541943884256,NA,1,0
carl,8.536995818712418,NA,0,0
johan,8.431635303054591,NA,0,0
hilma,6.646390514847729,1,1,1
torsten,7.644919344958857,NA,0,0
ernst,7.937374696163295,0,0,1
elsa,7.352441100243583,NA,1,0
ernst,8.880446450715093,NA,0,0
erik,7.753623546559746,NA,0,0
gustaf,8.856518497019858,NA,0,0
märta,8.006367567650246,NA,1,0
tyra,8.006367567650246,NA,1,0
karl,8.558335134747413,NA,0,0
jenny,6.684611727667927,NA,1,0
gustaf,8.863615758890619,NA,0,0
axel,8.459564078579602,NA,0,0
august,8.224163512637862,0,0,1
antti,8.25582842728183,NA,0,0
toivo,8.476371196895983,NA,0,0
axel,8.391629968440892,NA,0,0
erik,8.40737832540903,NA,0,0
anna,8.146129510025405,NA,1,0
guda,8.146129510025405,NA,0,0
karin,8.146129510025405,NA,1,0
rut,7.859413154693583,NA,0,0
kerstin,7.820037989458753,NA,1,0
elin,7.824046010856292,1,1,1
maria,7.882314918980268,NA,1,0
astrid,7.313220387090301,NA,0,0
frans,8.210668031162976,1,0,1
carl,8.006367567650246,NA,0,0
harald,8.294049640102028,NA,0,0
axel,8.294049640102028,NA,0,0
axel,8.494947582468917,NA,0,0
erik,8.53503310954457,NA,0,0
carl,8.422882511944996,NA,0,0
gulli,8.003028666384733,1,0,1
olof,8.521185212685776,NA,0,0
nils,8.626944055375356,NA,0,0
jakob,8.294049640102028,NA,0,0
johan,8.9758830607617,0,0,1
anna,6.937314081223682,NA,1,0
sofia,8.083328608786376,NA,1,0
johan,8.827614750837508,NA,0,0
hunhild,7.886081401775745,NA,0,0
per,8.431635303054591,NA,0,0
karl,8.525161361065415,0,0,1
fritz,8.294049640102028,NA,0,0
karl,7.495541943884256,NA,0,0
lilly,7.326465613840322,NA,0,0
maria,7.649692623711514,NA,1,0
axel,8.266164436612492,NA,0,0
carin,7.170119543449628,NA,0,0
franz,9.401786836547139,NA,0,0
herman,8.301521654940728,NA,0,0
thure,8.0925452638913,NA,0,0
carl,7.919356190660617,NA,0,0
hildur,7.090076835776092,1,1,1
lydia,7.783224016336037,NA,0,0
karl,8.107720061910534,NA,0,0
axel,8.732304571033183,NA,0,0
rgnhild,7.3777589082278725,NA,0,0
olivia,8.13739583005665,NA,1,0
thor,7.67786350067821,NA,0,0
anna,7.3777589082278725,1,1,1
gustav,8.070906088787819,NA,0,0
carl,8.006367567650246,NA,0,0
nils,7.396335293800808,NA,0,0
frans,7.90100705199242,NA,0,0
karl,8.42726848388825,NA,0,0
karl,8.338066525518801,NA,0,0
hulda,7.570443252057374,NA,1,0
karl,7.600902459542082,NA,0,0
johan,7.495541943884256,NA,0,0
karl,7.495541943884256,NA,0,0
gustav,8.484669999710677,NA,0,0
aina,6.522092798170152,NA,0,0
karl,8.759354748566208,NA,0,0
maria,4.248495242049359,NA,1,0
gustav,8.68946441235669,NA,0,0
johan,8.837826364007704,NA,0,0
carl,7.7664168980196555,NA,0,0
erik,8.656955133791396,NA,0,0
karl,7.5443321080536885,NA,0,0
gustav,8.271292652979412,NA,0,0
erik,7.402451520818244,NA,0,0
nils,8.019612794400267,NA,0,0
gustav,8.575462099540212,NA,0,0
göta,7.2078598714324755,1,0,1
gustav,7.824046010856292,NA,0,0
karl,8.371010681238156,NA,0,0
viola,7.745002803515839,NA,0,0
karl,7.649692623711514,NA,0,0
karl,8.21878715560148,NA,0,0
martin,8.143226750367445,NA,0,0
anders,8.210668031162976,NA,0,0
gärda,7.580699752224563,NA,0,0
karl,8.245384468120747,NA,0,0
karl,7.371489295214277,NA,0,0
edit,7.162397497355718,NA,1,0
karl,9.006999447958153,NA,0,0
karl,7.926602599181384,NA,0,0
karl,8.160518247477505,NA,0,0
augusta,7.600902459542082,NA,1,0
jean,8.237479288613633,NA,0,0
carin,7.432483807917119,NA,0,0
erik,8.160518247477505,NA,0,0
karl,7.313220387090301,NA,0,0
ralf,7.9229859587111955,NA,0,0
lilly,7.605890001053122,NA,0,0
magnus,8.113726085970747,NA,0,0
anna,8.113726085970747,NA,1,0
helge,7.495541943884256,NA,0,0
maria,7.473069088032197,NA,1,0
ernst,7.495541943884256,NA,0,0
oskar,7.495541943884256,NA,0,0
sofia,7.313220387090301,NA,1,0
gunhild,7.200424892944957,1,0,1
gustav,7.3777589082278725,NA,0,0
anders,7.495541943884256,0,0,1
karl,7.3777589082278725,NA,0,0
gustaf,7.600902459542082,NA,0,0
sven,5.298317366548036,NA,0,0
frans,8.006367567650246,NA,0,0
augusta,7.4205789054108005,NA,1,0
fanny,7.352441100243583,NA,0,0
anna,7.408530566894626,NA,1,0
anna,7.313220387090301,NA,1,0
anna,7.649692623711514,NA,1,0
stina,7.461640392208575,NA,1,0
lisa,7.757906208351747,NA,1,0
albin,8.289037098278483,NA,0,0
esther,8.029432840581244,NA,0,0
ernst,8.542860938164814,NA,0,0
august,8.411832675758411,0,0,1
alexandra,7.313220387090301,NA,0,0
karl,7.779048644925556,NA,0,0
carl,8.110727582974489,NA,0,0
anna,6.131226489483141,NA,1,0
gustav,7.154615356913663,NA,0,0
gustaf,7.828038032125829,NA,0,0
lydia,6.907755278982137,NA,0,0
erik,8.289037098278483,NA,0,0
bernhard,6.84587987526405,NA,0,0
harald,8.242756345714477,NA,0,0
johan,8.326032685955079,NA,0,0
ernst,8.476371196895983,NA,0,0
johannes,8.003028666384733,NA,0,0
robert,7.824046010856292,NA,0,0
amanda,7.313220387090301,NA,1,0
jonas,7.90100705199242,NA,0,0
karl,8.296546520300614,NA,0,0
carl,9.263881138904212,NA,0,0
sigfrid,8.06777619577889,NA,0,0
edit,8.110727582974489,NA,1,0
carl,8.224163512637862,NA,0,0
berta,8.286521373681236,NA,1,0
karl,8.1886891244442,NA,0,0
alfred,8.294049640102028,NA,0,0
carl,8.45531778769815,NA,0,0
adolf,8.451053388911692,0,0,1
adolf,8.1886891244442,NA,0,0
august,8.907883013942248,NA,0,0
ejvor,7.506591780070841,NA,0,0
magnus,8.727454116899434,NA,0,0
alvar,7.495541943884256,NA,0,0
knut,7.3777589082278725,NA,0,0
fredrick,7.600902459542082,NA,0,0
august,8.289037098278483,NA,0,0
august,7.673223121121708,NA,0,0
gustaf,8.899730794880696,NA,0,0
johan,8.490849216076635,NA,0,0
petter,8.006367567650246,NA,0,0
emil,8.565983355585669,NA,0,0
carl,8.101677747454572,NA,0,0
ottomar,8.662158961666423,NA,0,0
nils,8.51919119407891,0,0,1
alice,7.313220387090301,NA,0,0
signe,7.383989457978509,NA,0,0
anna,7.444248649496705,NA,1,0
elin,8.039157390473237,NA,1,0
valter,7.01211529430638,NA,0,0
gösta,8.318742252692399,NA,0,0
lilly,7.649692623711514,NA,0,0
anders,8.490849216076635,NA,0,0
johan,8.707813551024888,NA,0,0
frans,8.1886891244442,NA,0,0
gustaf,8.53503310954457,NA,0,0
aron,8.1886891244442,NA,0,0
per,8.71768205216564,NA,0,0
henrik,8.737131611781498,NA,0,0
bernt,8.306472160100585,NA,0,0
sverre,7.352441100243583,0,0,1
johan,8.46168048148598,NA,0,0
ester,6.606650186198215,1,1,1
per,8.400659375160286,NA,0,0
pehr,7.944492163932159,NA,0,0
emil,9.619797501353885,NA,0,0
hilda,8.753055515138222,NA,1,0
johan,9.263881138904212,NA,0,0
sonja,7.24422751560335,NA,0,0
maria,7.408530566894626,NA,1,0
judit,7.24422751560335,NA,0,0
elsa,7.24422751560335,NA,1,0
helfrid,7.24422751560335,NA,0,0
agnes,7.24422751560335,1,1,1
georg,8.271292652979412,NA,0,0
gustaf,8.347590407030058,NA,0,0
otto,8.961879012677683,NA,0,0
carl,8.32845106681936,0,0,1
carl,10.851276951469654,NA,0,0
anna,7.495541943884256,NA,1,0
erik,8.294049640102028,NA,0,0
erik,8.006367567650246,NA,0,0
elsa,6.877296071497429,NA,1,0
adolf,8.41847721847708,NA,0,0
melker,8.38022733634308,NA,0,0
ingrid,7.549609165154532,1,1,1
otto,7.313220387090301,NA,0,0
anna,6.907755278982137,NA,1,0
nils,7.783224016336037,NA,0,0
fritiof,8.48673398393153,NA,0,0
tyra,7.473069088032197,NA,1,0
august,9.551800150108434,NA,0,0
gustaf,8.234830280442056,NA,0,0
nickolaus,8.250620082174692,NA,0,0
carl,8.333270353255308,NA,0,0
syster,8.61431990214696,NA,0,0
simon,8.349957272040324,NA,0,0
beda,7.258412150595307,1,0,1
kristina,7.495541943884256,NA,1,0
harald,8.006367567650246,NA,0,0
hilding,8.006367567650246,NA,0,0
johan,8.457443187010464,NA,0,0
knut,7.27931883541462,NA,0,0
karl,8.160518247477505,NA,0,0
bror,8.463792414689122,NA,0,0
bror,8.55256033525353,NA,0,0
carl,7.644919344958857,0,0,1
carl,9.41001056710475,NA,0,0
anna,7.24422751560335,NA,1,0
carl,9.980911449500931,NA,0,0
emma,5.66988092298052,NA,1,0
eric,8.584851839890053,NA,0,0
albin,7.8399193600125825,NA,0,0
eric,8.245384468120747,NA,0,0
brita,8.128585200374497,NA,1,0
nancy,6.659293919683638,NA,0,0
gustaf,9.795345393916424,NA,0,0
emma,7.090076835776092,NA,1,0
ernst,10.482345586693945,NA,0,0
katarina,7.24422751560335,NA,1,0
erik,9.618468597503831,NA,0,0
erik,7.090076835776092,NA,0,0
johan,8.389359819906353,NA,0,0
karl,9.351839934249883,NA,0,0
erik,9.50151633368222,NA,0,0
anna,7.24422751560335,NA,1,0
ernst,7.951559331155252,NA,0,0
anna,8.533066540572527,1,1,1
gustaf,10.165851817003619,NA,0,0
emma,7.24422751560335,NA,1,0
elsa,8.440312147080279,NA,1,0
enok,9.185022563991893,NA,0,0
elsa,9.33078652505205,NA,1,0
hilda,7.24422751560335,NA,1,0
